"year","month","haul_number","strata","meandepth","ptot","sqkm","W_sqkm"
1994,6,100,"A",41,517,0.040812,12.6678427913359
1994,6,101,"B",74,1177,0.0443025,26.5673494723774
1994,6,102,"C",116,2636,0.0448395,58.7874530269071
1994,6,103,"C",119,3237,0.0448395,72.1908139029204
1994,6,104,"B",81.5,3375,0.0443025,76.1808024377857
1994,6,105,"B",58,NA,0.042423,NA
1994,6,106,"C",114.5,2760,0.0443025,62.2989673269003
1994,6,107,"C",137.5,6468,0.0448395,144.247817214733
1994,7,108,"C",104.5,3239,0.0896957,36.110984138593
1994,7,109,"A",36.5,NA,0.040812,NA
1994,7,110,"C",149,5730,0.0453765,126.276817295296
1994,7,111,"C",116,4590,0.0448395,102.365102197839
1994,7,112,"B",61,NA,0.042423,NA
1994,7,113,"C",116,3633,0.0463926,78.3099028724409
1994,7,114,"B",61,NA,0.042423,NA
1994,7,115,"A",28,NA,0.0394695,NA
1994,7,116,"E",594,NA,0.0934554,NA
1994,7,117,"A",45,NA,0.0416175,NA
1994,7,118,"A",36,NA,0.0394695,NA
1994,7,119,"A",20.5,NA,0.0394695,NA
1994,7,120,"A",15,NA,0.0394695,NA
1994,7,121,"A",15.5,NA,0.0394695,NA
1994,7,122,"A",37,NA,0.0394695,NA
1994,7,123,"A",32,NA,0.0340305,NA
1994,7,124,"A",41,NA,0.0358825,NA
1994,7,125,"A",45,NA,0.0416175,NA
1994,7,126,"B",78,1590,0.0432285,36.7812901211007
1994,7,127,"B",78,NA,0.0432285,NA
1994,7,128,"B",83,2439,0.0432285,56.4211110725563
1994,7,129,"B",58,NA,0.042423,NA
1994,7,130,"B",74,1406,0.0432285,32.5248389372752
1994,7,131,"B",83,169,0.0432285,3.90945788079623
1994,7,132,"C",116,NA,0.0448395,NA
1994,7,133,"C",149,4941,0.0459135,107.615407233167
1994,7,134,"C",149,3753,0.046182,81.2654280888658
1994,7,135,"C",106,2839,0.0448395,63.3147113594041
1994,7,136,"C",116,3902,0.0443025,88.0762936628858
1994,7,137,"C",165,1484,0.0448395,33.0958195341161
1994,7,138,"C",102,2246,0.0443025,50.6969132667457
1994,7,139,"D",231,3114,0.0923812,33.7081570709192
1994,7,140,"D",272,258,0.0923812,2.79277601936325
1994,7,141,"D",239,4468,0.0923812,48.3648188159496
1994,7,142,"D",231,4969,0.0923812,53.7880001558759
1994,7,143,"E",602,NA,0.0934554,NA
1994,7,144,"E",602,NA,0.0934554,NA
1994,7,145,"E",578,NA,0.031146,NA
1994,7,146,"E",569,NA,0.0934554,NA
1994,6,75,"B",93,1337,0.044571,29.9970833052882
1994,6,76,"B",86,675,0.0443025,15.2361604875571
1994,6,77,"D",344,NA,0.0934554,NA
1994,6,78,"E",557,NA,0.0934554,NA
1994,6,79,"C",197,NA,0.0464505,NA
1994,6,80,"A",44,NA,0.040812,NA
1994,6,81,"C",194,996,0.045645,21.8205718041407
1994,6,82,"D",327,1456,0.0929183,15.6696797078724
1994,6,83,"C",125,6820,0.0448395,152.098038559752
1994,6,84,"C",132,1676,0.0448395,37.3777584495813
1994,6,85,"D",314,474,0.0929183,5.10125561918373
1994,6,86,"E",578,NA,0.0934554,NA
1994,6,87,"E",625.5,NA,0.0934554,NA
1994,6,88,"B",78,366,0.0443025,8.26138479769765
1994,6,89,"C",125,2157,0.0433031,49.8116763003111
1994,6,90,"C",107,2565,0.044571,57.5486302752911
1994,6,91,"E",594,NA,0.0934554,NA
1994,6,92,"D",248,478,0.0929183,5.14430418980976
1994,6,93,"C",135,682,0.0448395,15.2098038559752
1994,6,94,"D",397,NA,0.0897178,NA
1994,6,95,"C",132,10950,0.0448395,244.204328772622
1994,6,96,"D",363,NA,0.0902364,NA
1994,6,97,"C",116,3799,0.0448395,84.7244059367299
1994,6,98,"E",560,NA,0.0902364,NA
1994,6,99,"A",45,NA,0.0416175,NA
1995,7,100,"A",45.5,NA,0.0433368,NA
1995,6,101,"B",64.5,NA,0.045837,NA
1995,6,102,"C",112.5,555,0.0512599,10.8271767990183
1995,6,103,"C",114.5,381,0.0512599,7.4327105593261
1995,6,104,"B",84,8,0.0477816,0.167428466187821
1995,6,105,"A",50,NA,0.0433368,NA
1995,6,106,"C",111.5,381,0.0480594,7.92768948426322
1995,6,107,"C",131,342,0.048615,7.034865782166
1995,6,108,"B",99,8,0.0477816,0.167428466187821
1995,7,109,"A",39,NA,0.0462228,NA
1995,7,110,"C",132,NA,0.0320396,NA
1995,7,111,"C",113.5,7,0.049364,0.141803743618832
1995,7,112,"B",51.5,NA,0.0441702,NA
1995,7,113,"C",111.5,345,0.0477816,7.22035260434979
1995,7,114,"B",52,NA,0.0441702,NA
1995,7,115,"A",28,NA,0.0433368,NA
1995,7,116,"E",561,NA,0.1016748,NA
1995,7,117,"A",47,NA,0.0441702,NA
1995,7,118,"A",47,NA,0.0441702,NA
1995,7,119,"A",31,NA,0.0433368,NA
1995,7,120,"A",17.5,NA,0.0405588,NA
1995,7,121,"A",15,NA,0.0405588,NA
1995,7,122,"A",43,NA,0.0433368,NA
1995,7,123,"A",38,NA,0.0433368,NA
1995,7,124,"A",47.5,NA,0.0441702,NA
1995,7,125,"A",44.5,NA,0.0441702,NA
1995,7,126,"B",76.5,NA,0.045837,NA
1995,7,127,"B",82,NA,0.0466704,NA
1995,7,128,"B",83,NA,0.0466704,NA
1995,7,129,"B",55.5,NA,0.0441702,NA
1995,7,130,"B",76,NA,0.045837,NA
1995,7,131,"B",77,NA,0.0466704,NA
1995,7,132,"C",114,NA,0.0480594,NA
1995,7,133,"C",137.5,1308,0.048615,26.9052761493366
1995,7,134,"C",136.5,4179,0.0480594,86.9548933195171
1995,7,135,"C",107.5,21,0.0480594,0.436959262912146
1995,7,136,"C",121.5,2862,0.0512599,55.8331171149378
1995,7,137,"C",152.5,867,0.048615,17.8340018512805
1995,7,138,"C",101,NA,0.0477816,NA
1995,7,139,"D",223.5,NA,0.0988968,NA
1995,7,140,"D",255,1386,0.1039121,13.338196417934
1995,7,141,"D",234,NA,0.0988968,NA
1995,7,142,"D",297,NA,0.0994524,NA
1995,7,143,"E",592,NA,0.1050603,NA
1995,7,144,"E",575,NA,0.1084458,NA
1995,7,145,"E",553,NA,0.1016748,NA
1995,7,146,"E",553,NA,0.1016748,NA
1995,6,75,"B",91.5,NA,0.0477816,NA
1995,6,76,"B",88.5,NA,0.0460488,NA
1995,6,77,"D",371.5,NA,0.1039121,NA
1995,6,78,"E",552.5,NA,0.1016748,NA
1995,6,79,"C",186.5,NA,0.048615,NA
1995,6,80,"A",37.5,NA,0.0433368,NA
1995,6,81,"C",187.5,NA,0.048615,NA
1995,6,82,"D",313.5,NA,0.100008,NA
1995,6,83,"C",116,2405,0.0477816,50.3331826477138
1995,6,84,"C",122,2167,0.0477816,45.3521857786261
1995,6,85,"D",492.5,NA,0.1011192,NA
1995,6,86,"E",643.5,NA,0.1050603,NA
1995,6,87,"E",561.5,NA,0.1050603,NA
1995,6,88,"B",81.5,NA,0.0466704,NA
1995,6,89,"C",118,NA,0.0445996,NA
1995,6,90,"C",120,NA,0.0477816,NA
1995,6,91,"E",660,NA,0.1016748,NA
1995,6,92,"D",371.5,NA,0.1005636,NA
1995,6,93,"C",149.5,885,0.0512599,17.2649575984346
1995,6,94,"D",330,634,0.1011192,6.26982808408294
1995,6,95,"C",116,2666,0.0512599,52.0094654886178
1995,6,96,"D",373,NA,0.080899,NA
1995,6,97,"C",109,591,0.0445996,13.2512399214343
1995,6,98,"E",628.5,NA,0.1016748,NA
1995,6,99,"A",43,NA,0.0462228,NA
1996,7,1,"A",39,NA,0.0448096,NA
1996,7,10,"B",85.5,521,0.0458193,11.3707542454817
1996,7,100,"A",45.5,NA,0.0481229,NA
1996,7,101,"B",60,NA,0.0473984,NA
1996,7,102,"C",115.5,414,0.0495823,8.34975384360951
1996,7,103,"C",113.5,1282,0.0507513,25.2604366784693
1996,7,104,"B",84.5,34,0.0426525,0.797139675282809
1996,7,105,"A",48.5,NA,0.0518259,NA
1996,7,106,"C",107.5,934,0.0510686,18.289124824256
1996,7,107,"C",120,1031,0.0507346,20.3214374411151
1996,7,108,"B",80.5,NA,0.0482955,NA
1996,7,109,"A",42,NA,0.0521479,NA
1996,7,11,"B",70.5,457,0.0476721,9.58631988102056
1996,7,110,"C",127.5,181,0.0496491,3.64558471351948
1996,7,111,"C",113,5,0.046992,0.106401089547157
1996,7,112,"B",52,NA,0.0539994,NA
1996,7,113,"C",120.5,NA,0.048708,NA
1996,7,114,"B",51.5,NA,0.0504896,NA
1996,7,115,"A",44,NA,0.0421498,NA
1996,7,116,"E",543.5,NA,0.1009374,NA
1996,7,117,"A",48.5,NA,0.042994,NA
1996,7,118,"A",46,NA,0.045214,NA
1996,7,119,"A",30.5,NA,0.0444888,NA
1996,7,12,"B",82.5,367,0.0459655,7.98424905635749
1996,7,120,"A",28.5,NA,0.0416768,NA
1996,7,121,"A",16,NA,0.0437437,NA
1996,7,122,"A",43.5,NA,0.0438524,NA
1996,7,123,"A",39.5,NA,0.0438968,NA
1996,7,124,"A",47,NA,0.0460886,NA
1996,7,125,"A",45,NA,0.0463256,NA
1996,7,126,"B",73.5,NA,0.0473684,NA
1996,7,127,"B",71.5,NA,0.0476054,NA
1996,7,128,"B",73.5,5,0.0461104,0.108435407196641
1996,7,129,"B",54,NA,0.044454,NA
1996,7,13,"B",88,800,0.0463841,17.2472894806626
1996,7,130,"B",77.5,NA,0.047421,NA
1996,7,131,"B",77,NA,0.048477,NA
1996,7,132,"C",115.5,NA,0.048807,NA
1996,7,133,"C",131.5,281,0.047223,5.95049022721979
1996,7,134,"C",132,326,0.043131,7.55836869073288
1996,7,135,"C",119,5,0.046662,0.107153572500107
1996,7,136,"C",121.5,NA,0.0476685,NA
1996,7,137,"C",129.5,461,0.049098,9.3893844963135
1996,7,138,"C",171.5,10,0.048807,0.204888643022517
1996,7,139,"D",222,227,0.070125,3.23707664884135
1996,7,14,"C",119,2900,0.0477345,60.7527050665661
1996,7,140,"D",239,424,0.0910233,4.65814796870691
1996,7,141,"D",233.5,206,0.0895185,2.30120031055033
1996,7,142,"D",366,NA,0.058377,NA
1996,7,143,"E",541,NA,0.0889488,NA
1996,7,144,"E",536.5,NA,0.0971094,NA
1996,7,145,"E",537.5,NA,0.092046,NA
1996,7,146,"E",540,NA,0.0908628,NA
1996,7,15,"C",107.5,1500,0.0465365,32.2327635297025
1996,7,16,"C",156,350,0.0488241,7.16859092128682
1996,7,17,"C",159,2500,0.053329,46.8788089032234
1996,7,18,"C",172.5,5587,0.054366,102.766434904168
1996,7,19,"C",162,NA,0.0496691,NA
1996,7,2,"A",39,NA,0.047173,NA
1996,7,20,"C",143,1099,0.0498719,22.0364574038687
1996,7,21,"C",145,344,0.0517309,6.64979731649749
1996,7,22,"C",154,2513,0.0431964,58.176144308322
1996,7,23,"C",162.5,2712,0.0512408,52.9265741362352
1996,7,24,"D",301,3200,0.0933335,34.2856530613338
1996,7,25,"D",309.5,4000,0.0999594,40.016246596118
1996,7,26,"D",296,4774,0.0940601,50.7547833778616
1996,7,27,"D",328.5,1495,0.092568,16.1502895168957
1996,7,28,"D",313,634,0.0898216,7.05843583280636
1996,7,29,"D",302.5,398,0.0928837,4.28492835664385
1996,7,3,"A",36.5,NA,0.044992,NA
1996,7,30,"D",292,2565,0.0901676,28.447025317298
1996,7,31,"D",282,500,0.0915516,5.46140100227631
1996,7,32,"E",530,NA,0.0939426,NA
1996,7,33,"E",537,10,0.0947604,0.105529313932824
1996,7,34,"E",511.5,NA,0.0682428,NA
1996,7,35,"E",540,NA,0.0738282,NA
1996,7,36,"E",560,NA,0.1001892,NA
1996,7,37,"E",521,NA,0.093873,NA
1996,7,38,"E",517.5,230,0.0939426,2.44830353854375
1996,7,39,"E",511,NA,0.0931248,NA
1996,7,4,"B",79,NA,0.0471247,NA
1996,7,40,"E",537,NA,0.0935772,NA
1996,7,5,"B",79,NA,0.0439714,NA
1996,7,6,"B",89,NA,0.0468027,NA
1996,7,7,"B",86.5,NA,0.0465775,NA
1996,6,75,"B",90.5,180,0.0440055,4.09039779118519
1996,6,76,"B",90,10,0.047256,0.21161334010496
1996,6,77,"D",407.5,NA,0.0986232,NA
1996,6,78,"E",510,NA,0.0959436,NA
1996,6,79,"D",237.5,NA,0.0523392,NA
1996,7,8,"B",77.5,NA,0.0471891,NA
1996,7,80,"A",40.5,NA,0.0487186,NA
1996,6,81,"C",179,553,0.0476956,11.5943609054085
1996,6,82,"D",282,NA,0.0910194,NA
1996,6,83,"C",122.5,1426,0.0524714,27.1767095979905
1996,6,84,"C",122,1223,0.0486972,25.1143802929121
1996,6,85,"D",473,NA,0.0905322,NA
1996,6,86,"E",565,NA,0.1029384,NA
1996,6,87,"E",510,NA,0.0938208,NA
1996,6,88,"B",86.5,NA,0.0458865,NA
1996,6,89,"C",119.5,1148,0.0524745,21.8772927803028
1996,7,9,"B",88,761,0.048248,15.7726745150058
1996,6,90,"C",124,NA,0.0402896,NA
1996,6,91,"E",511,NA,0.097005,NA
1996,6,92,"D",312,NA,0.0946386,NA
1996,7,93,"C",121.5,968,0.0493986,19.5956970440458
1996,6,94,"D",392.5,NA,0.0944298,NA
1996,7,95,"C",122.5,619,0.045758,13.5276891472529
1996,6,96,"D",392.5,NA,0.0899058,NA
1996,7,97,"C",107.5,379,0.0486972,7.78278833279942
1996,6,98,"E",547.5,NA,0.0904278,NA
1996,7,99,"A",44,NA,0.0486864,NA
1997,8,1,"A",43.5,NA,0.0353604,NA
1997,7,10,"B",90,313,0.0427845,7.31573350161858
1997,7,100,"A",45,NA,0.0438924,NA
1997,7,101,"B",63.5,NA,0.0447258,NA
1997,7,102,"C",115,1515,0.0430438,35.1967066104758
1997,7,103,"C",114.5,800,0.0433031,18.4744279277927
1997,7,104,"B",86,545,0.0443025,12.3017888381017
1997,7,105,"B",53,NA,0.0482848,NA
1997,7,106,"C",109,228,0.0461148,4.94418277863072
1997,7,107,"C",120.5,720,0.0463926,15.5197165065118
1997,7,108,"B",77,9,0.045837,0.196347928529354
1997,7,109,"A",41,NA,0.043059,NA
1997,7,11,"B",90,1011,0.0427845,23.6300529397328
1997,7,110,"C",112,1397,0.045837,30.4775617950564
1997,7,111,"C",112.5,6,0.0461148,0.130110073121861
1997,7,112,"B",52.5,11,0.0409694,0.268493070437937
1997,7,113,"C",118.5,330,0.0461148,7.15605402170236
1997,7,114,"B",52,NA,0.0438924,NA
1997,7,115,"A",44.5,NA,0.0409694,NA
1997,7,116,"E",542.5,NA,0.0725058,NA
1997,7,117,"A",48,NA,0.042423,NA
1997,7,118,"A",46.5,NA,0.0409694,NA
1997,7,119,"A",31.5,NA,0.0401915,NA
1997,8,12,"B",94.5,NA,0.04025,NA
1997,7,120,"A",28.5,NA,0.0459265,NA
1997,7,121,"A",17,NA,0.0394136,NA
1997,7,122,"A",44,NA,0.0468154,NA
1997,7,123,"A",40.5,NA,0.0468154,NA
1997,7,124,"A",47.5,NA,0.0453618,NA
1997,7,125,"A",45,NA,0.0438924,NA
1997,7,126,"B",74,NA,0.0482969,NA
1997,7,127,"B",72,NA,0.0427845,NA
1997,7,128,"B",74,NA,0.0427845,NA
1997,7,129,"B",53,NA,0.0416175,NA
1997,8,13,"B",89,NA,0.0477043,NA
1997,7,130,"B",77.5,NA,0.0427845,NA
1997,7,131,"B",77.5,17,0.0427845,0.397340158234875
1997,7,132,"C",119.5,347,0.0448395,7.73871251909589
1997,7,133,"C",130.5,15,0.0463926,0.323327427218996
1997,7,134,"C",131,215,0.0433031,4.96500250559429
1997,7,135,"C",120.5,480,0.0433031,11.0846567566756
1997,7,136,"C",121.5,413,0.0430438,9.59487777566107
1997,7,137,"C",119.5,27,0.0430438,0.62726803860254
1997,7,138,"C",116,NA,0.0430438,NA
1997,7,139,"D",222.5,NA,0.0688788,NA
1997,8,14,"C",116,NA,0.0430438,NA
1997,7,140,"D",238,1983,0.0886806,22.3611477594874
1997,7,141,"D",233.5,1434,0.0955632,15.0057762820835
1997,7,142,"D",399,NA,0.0902364,NA
1997,7,143,"E",535,NA,0.0902364,NA
1997,7,144,"E",542,NA,0.0902364,NA
1997,7,145,"E",540,NA,0.1031124,NA
1997,7,146,"E",540.5,NA,0.0902364,NA
1997,8,15,"C",106.5,277,0.0461148,6.00674837579259
1997,7,16,"C",157,50,0.0438217,1.14098722778897
1997,7,17,"C",160.5,3113,0.0438217,71.0378648021414
1997,7,18,"C",174.5,124,0.044081,2.81300333477008
1997,7,19,"C",163.5,1403,0.044081,31.8277716022776
1997,8,2,"A",41,NA,0.0624258,NA
1997,7,20,"C",155,1397,0.044081,31.691658537692
1997,7,21,"C",171.5,830,0.044081,18.8289739343481
1997,7,22,"C",168.5,2836,0.0438217,64.7167955601905
1997,7,23,"C",156,170,0.0438217,3.8793565744825
1997,8,24,"D",298.5,1894,0.0961188,19.704781998943
1997,8,25,"D",309,2364,0.0961188,24.5945642267694
1997,8,26,"D",295.5,422,0.0897178,4.70363740528635
1997,8,27,"D",329.5,580,0.0934554,6.20616893191833
1997,8,28,"D",312.5,287,0.0865,3.31791907514451
1997,8,29,"D",305,555,0.0897178,6.1860634121657
1997,8,3,"A",37,NA,0.0401915,NA
1997,8,30,"D",314.5,170,0.0897178,1.89483023435706
1997,8,31,"D",297.5,709,0.0897178,7.90255668328916
1997,8,32,"E",528,NA,0.0902364,NA
1997,7,33,"E",534,NA,0.0902364,NA
1997,7,34,"E",517,NA,0.0934554,NA
1997,7,35,"E",536,NA,0.0902364,NA
1997,8,36,"E",543,NA,0.0966744,NA
1997,8,37,"E",509.5,NA,0.0827022,NA
1997,8,38,"E",525,NA,0.0902364,NA
1997,8,39,"E",516.5,NA,0.0902364,NA
1997,8,4,"B",81,41,0.0443025,0.925455674059026
1997,8,40,"E",522.5,NA,0.0902364,NA
1997,8,5,"B",80,26,0.0422659,0.615153113976042
1997,8,6,"B",93,411,0.0427845,9.60628264909021
1997,8,7,"B",87.5,354,0.0417473,8.47959029685752
1997,6,75,"B",90.5,1076,0.045837,23.4744856775094
1997,6,76,"B",90.5,NA,0.045837,NA
1997,6,77,"D",406.5,NA,0.0902364,NA
1997,6,78,"E",503.5,NA,0.0902364,NA
1997,6,79,"C",120.5,7,0.0430438,0.162625047045103
1997,8,8,"B",77,NA,0.0422659,NA
1997,7,80,"A",42,NA,0.0409694,NA
1997,6,81,"C",181,NA,0.044081,NA
1997,6,82,"D",281,NA,0.0897178,NA
1997,6,83,"C",122.5,1331,0.0448395,29.6836494608548
1997,6,84,"C",120.5,13,0.0461148,0.281905158430699
1997,7,85,"D",470.5,NA,0.0902364,NA
1997,7,86,"E",530,NA,0.0902364,NA
1997,7,87,"E",529.5,NA,0.0902364,NA
1997,6,88,"B",87.5,NA,0.0452814,NA
1997,7,89,"C",123,1088,0.0453765,23.9771687988276
1997,7,9,"B",92,33,0.0427845,0.771307365985345
1997,7,90,"C",123.5,NA,0.0438217,NA
1997,7,91,"E",509,NA,0.0902364,NA
1997,7,92,"D",318,706,0.0897178,7.86911850268286
1997,7,93,"C",121.5,20,0.0433031,0.461860698194817
1997,7,94,"D",299.5,NA,0.0897178,NA
1997,7,95,"C",121.5,990,0.0463926,21.3396101964537
1997,7,96,"D",363.5,NA,0.0902364,NA
1997,7,97,"C",108.5,657,0.0494821,13.2775286416704
1997,7,98,"E",534,NA,0.0902364,NA
1997,7,99,"A",48,NA,0.042423,NA
1998,6,1,"A",42.5,NA,0.0325322,NA
1998,7,10,"B",89,NA,0.0488895,NA
1998,6,100,"A",43,NA,0.0438924,NA
1998,6,101,"B",61,NA,0.0432285,NA
1998,6,102,"C",115,474,0.0430438,11.0120388999113
1998,6,103,"C",115,240,0.0614864,3.90330219365583
1998,6,104,"B",84.5,1032,0.045837,22.5145624713659
1998,6,105,"B",53,NA,0.0438924,NA
1998,6,106,"C",107,NA,0.0461148,NA
1998,6,107,"C",118,2184,0.0479457,45.5515301685031
1998,6,108,"B",66,NA,0.042423,NA
1998,6,109,"A",44,NA,0.0459265,NA
1998,7,11,"B",89.5,715,0.0443025,16.139044072005
1998,6,110,"C",112,344,0.0476586,7.21800472527519
1998,6,111,"C",111,776,0.0461148,16.827569457094
1998,6,112,"B",55,NA,0.0447258,NA
1998,6,113,"C",121,4481,0.0479457,93.4598931708162
1998,6,114,"B",53,NA,0.0438924,NA
1998,6,115,"A",41.5,NA,0.0459265,NA
1998,6,116,"E",521.5,NA,0.0623094,NA
1998,6,117,"A",42.5,NA,0.0438924,NA
1998,6,118,"A",43,NA,0.0438924,NA
1998,6,119,"A",30.5,NA,0.043059,NA
1998,6,12,"B",96.5,NA,0.045837,NA
1998,6,120,"A",30,NA,0.043059,NA
1998,6,121,"A",23,NA,0.0450376,NA
1998,6,122,"A",44,NA,0.036577,NA
1998,6,123,"A",43,NA,0.042423,NA
1998,6,124,"A",45.5,NA,0.0409694,NA
1998,6,125,"A",46,NA,0.0438924,NA
1998,6,126,"B",62,NA,0.0447258,NA
1998,6,127,"B",69.5,NA,0.0447258,NA
1998,6,128,"B",74.5,NA,0.0452814,NA
1998,6,129,"B",53,NA,0.0468154,NA
1998,6,13,"B",86,NA,0.0452814,NA
1998,6,130,"B",77,NA,0.0452814,NA
1998,6,131,"B",76,NA,0.0452814,NA
1998,6,132,"C",118.5,354,0.0463926,7.63052728236831
1998,6,133,"C",129.5,230,0.0463926,4.95768721735794
1998,6,134,"C",118,190,0.0463926,4.09548074477395
1998,6,135,"C",123,4000,0.0463926,86.220647258399
1998,6,136,"C",112,3238,0.0461148,70.216069461431
1998,6,137,"C",114,1242,0.0461148,26.9327851362252
1998,6,138,"C",112.5,301,0.0461148,6.52718866828003
1998,6,139,"D",228.5,902,0.0950076,9.49397732391935
1998,6,14,"C",115,2681,0.044571,60.1512194027507
1998,6,140,"D",233.5,151,0.0675621,2.23498085465076
1998,6,141,"D",223.5,NA,0.0740632,NA
1998,6,142,"D",413.5,911,0.0966744,9.42338406030966
1998,6,143,"E",537,NA,0.0902364,NA
1998,6,144,"E",508,NA,0.0934554,NA
1998,6,145,"E",535,NA,0.0700872,NA
1998,6,146,"E",536.5,NA,0.0778824,NA
1998,6,15,"C",103,14,0.0430438,0.325250094090206
1998,7,16,"C",155.5,243,0.0453765,5.35519486959109
1998,7,17,"C",161.5,534,0.0469482,11.3742379899549
1998,7,18,"C",176.5,1043,0.050371,20.7063588175736
1998,7,19,"C",153.5,NA,0.0469482,NA
1998,6,2,"A",41.5,NA,0.0459265,NA
1998,7,20,"C",156.5,NA,0.0485199,NA
1998,7,21,"C",174.5,2355,0.047226,49.8665989073815
1998,7,22,"C",170,NA,0.048807,NA
1998,7,23,"C",147,765,0.0453765,16.8589468116756
1998,6,24,"D",286.5,1867,0.0897178,20.8096943973214
1998,6,25,"D",305.5,2190,0.0961188,22.7843044232762
1998,6,26,"D",294,2737,0.0929183,29.4559844508563
1998,7,27,"D",329,606,0.0865,7.00578034682081
1998,7,28,"D",308.5,218,0.0865,2.52023121387283
1998,7,29,"D",301,868,0.0774348,11.2094303853048
1998,6,3,"A",37,NA,0.1507065,NA
1998,7,30,"D",319,172,0.080099,2.14734266345398
1998,7,31,"D",295.5,1060,0.0961188,11.0280194925446
1998,6,32,"E",547,NA,0.0966744,NA
1998,6,33,"E",523,NA,0.0902364,NA
1998,6,34,"E",550.5,NA,0.0902364,NA
1998,6,35,"E",535.5,NA,0.0902364,NA
1998,7,36,"E",524.5,NA,0.0966744,NA
1998,7,37,"E",508,NA,0.0934554,NA
1998,7,38,"E",513.5,NA,0.0934554,NA
1998,7,39,"E",513,NA,0.0966744,NA
1998,6,4,"B",81,NA,0.0452814,NA
1998,7,40,"E",529.5,NA,0.080562,NA
1998,6,5,"B",79,NA,0.0452814,NA
1998,6,6,"B",67,NA,0.0447258,NA
1998,6,7,"B",87.5,NA,0.0437655,NA
1998,6,75,"B",91,NA,0.045837,NA
1998,6,76,"B",92,1008,0.045837,21.9909679952876
1998,6,77,"D",387.5,523,0.0966744,5.40991203462344
1998,6,78,"E",525.5,NA,0.0966744,NA
1998,6,79,"C",119,4000,0.0463926,86.220647258399
1998,6,8,"B",78,NA,0.0422659,NA
1998,6,80,"A",37,NA,0.0438924,NA
1998,6,81,"C",145.5,319,0.0453765,7.0300706312739
1998,6,82,"D",320,NA,0.0923812,NA
1998,6,83,"C",120,528,0.044571,11.8462677525745
1998,6,84,"C",114,641,0.0430438,14.8918078794159
1998,6,85,"D",445,NA,0.0669726,NA
1998,6,86,"E",533,NA,0.0934554,NA
1998,6,87,"E",554.5,NA,0.0966744,NA
1998,6,88,"B",91.5,NA,0.0437655,NA
1998,6,89,"C",129.5,1562,0.044571,35.045208768033
1998,6,9,"B",93.5,NA,0.045837,NA
1998,6,90,"C",120,545,0.0494821,11.0140838808377
1998,6,91,"E",588,NA,0.0934554,NA
1998,6,92,"D",360,NA,0.0993193,NA
1998,6,93,"C",117.5,2411,0.0463926,51.969495135
1998,6,94,"D",321.5,NA,0.080099,NA
1998,6,95,"C",119.5,902,0.0463926,19.442755956769
1998,6,96,"D",355,NA,0.0961188,NA
1998,6,97,"C",109,1560,0.0463926,33.6260524307756
1998,6,98,"E",552.5,NA,0.0644496,NA
1998,6,99,"A",38.5,NA,0.036577,NA
1999,8,1,"A",42,NA,0.0438924,NA
1999,8,10,"B",86.5,NA,0.0427845,NA
1999,7,100,"A",34.5,NA,0.0453618,NA
1999,8,101,"B",63.5,NA,0.0447258,NA
1999,8,102,"C",113.5,NA,0.0476586,NA
1999,8,103,"C",115,NA,0.0461148,NA
1999,8,104,"B",96,40,0.045837,0.872657460130462
1999,7,105,"B",58,18,0.0438924,0.410093774776499
1999,7,106,"C",107,410,0.0461148,8.89085499666051
1999,8,107,"C",115,90,0.0494821,1.81883953995485
1999,7,108,"B",63.5,40,0.042423,0.942884755910709
1999,7,109,"A",28.5,NA,0.0416175,NA
1999,8,11,"B",86.5,NA,0.0427845,NA
1999,7,110,"C",111.5,NA,0.0430438,NA
1999,7,111,"C",110,NA,0.044571,NA
1999,7,112,"B",58.5,NA,0.0432285,NA
1999,7,113,"C",118,32,0.0433031,0.738977117111708
1999,7,114,"B",56.5,NA,0.0438924,NA
1999,7,115,"A",42.5,NA,0.043059,NA
1999,8,116,"E",521.5,NA,0.0934554,NA
1999,7,117,"A",45.5,NA,0.042423,NA
1999,7,118,"A",45,NA,0.042423,NA
1999,7,119,"B",56.5,NA,0.043059,NA
1999,8,12,"B",95.5,NA,0.0387688,NA
1999,8,120,"A",21,NA,0.043059,NA
1999,7,121,"A",24,NA,0.0422256,NA
1999,7,122,"A",35.5,NA,0.0438924,NA
1999,7,123,"A",43.5,NA,0.0438924,NA
1999,8,124,"A",40,NA,0.0438924,NA
1999,7,125,"A",45,25,0.0438924,0.569574687189582
1999,7,126,"B",68.5,NA,0.0432285,NA
1999,7,127,"B",70,21,0.0417473,0.503026543033921
1999,7,128,"B",71.5,30,0.0437655,0.685471432978031
1999,8,129,"A",46.5,NA,0.0438924,NA
1999,8,13,"B",85.5,NA,0.04025,NA
1999,7,130,"B",77,NA,0.0452814,NA
1999,7,131,"B",77,NA,0.0437655,NA
1999,8,132,"C",125,8,0.0463926,0.172441294516798
1999,8,133,"C",131,NA,0.0463926,NA
1999,8,134,"C",116,38,0.0448395,0.847467077019146
1999,7,135,"C",122.5,272,0.0463926,5.86300401357113
1999,7,136,"C",113.5,440,0.0461148,9.54140536226981
1999,7,137,"C",115.5,NA,0.0461148,NA
1999,7,138,"C",110,10,0.044571,0.224361131677548
1999,8,139,"D",231,1437,0.0950076,15.1251057810112
1999,8,14,"C",108.5,NA,0.0461148,NA
1999,8,140,"D",224,450,0.0633384,7.10469478231215
1999,8,141,"D",239,1118,0.0923812,12.1020294172407
1999,8,142,"D",398,1252,0.0934554,13.396764659934
1999,8,143,"E",539,NA,0.0934554,NA
1999,8,144,"E",587.5,NA,0.0751854,NA
1999,8,145,"E",526,NA,0.0856602,NA
1999,8,146,"E",527,NA,0.0934554,NA
1999,8,15,"B",99.5,NA,0.0461148,NA
1999,8,16,"C",156,699,0.0453765,15.4044494396879
1999,8,17,"C",159,NA,0.0469482,NA
1999,8,18,"C",175.5,NA,0.0425,NA
1999,8,19,"C",152,NA,0.0425,NA
1999,8,2,"A",37,NA,0.042423,NA
1999,8,20,"C",152,NA,0.044081,NA
1999,8,21,"C",173,NA,0.0425,NA
1999,8,22,"C",161,NA,0.0438217,NA
1999,8,23,"C",154.5,NA,0.0438217,NA
1999,8,24,"D",269,212,0.0897178,2.36296476284528
1999,8,25,"D",283.5,490,0.0897178,5.46156949902918
1999,8,26,"D",300.5,762,0.0897178,8.49329787400048
1999,8,27,"D",313.5,NA,0.0934554,NA
1999,8,28,"D",303,154,0.0897178,1.71649327112346
1999,8,29,"D",307,NA,0.0961188,NA
1999,8,3,"A",40.5,NA,0.043059,NA
1999,8,30,"D",309.5,NA,0.0897178,NA
1999,8,31,"D",295.5,NA,0.0897178,NA
1999,8,32,"D",497,NA,0.0902364,NA
1999,8,33,"E",531,NA,0.087,NA
1999,8,34,"E",518,NA,0.0902364,NA
1999,8,35,"E",506.5,NA,0.0902364,NA
1999,8,36,"E",549.5,NA,0.0902364,NA
1999,8,37,"E",527,NA,0.0902364,NA
1999,8,38,"E",513.5,NA,0.0751854,NA
1999,8,39,"E",507.5,NA,0.0751854,NA
1999,8,4,"B",53,NA,0.045837,NA
1999,8,40,"E",541,NA,0.087,NA
1999,8,5,"B",53,50,0.0452814,1.10420614203624
1999,8,6,"B",57,NA,0.045837,NA
1999,8,7,"B",86,NA,0.0447258,NA
1999,8,75,"B",93,NA,0.0443025,NA
1999,8,76,"B",90,NA,0.0443025,NA
1999,8,77,"D",386.5,387,0.0751854,5.14727593389142
1999,8,78,"E",563,NA,0.0902364,NA
1999,8,79,"C",120,576,0.0433031,13.3015881080107
1999,8,8,"B",77.5,NA,0.0422659,NA
1999,7,80,"A",39,NA,0.0438924,NA
1999,8,81,"C",138.5,747,0.0453765,16.4622657102245
1999,8,82,"D",283.5,NA,0.0955632,NA
1999,8,83,"C",121.5,15,0.044571,0.336541697516322
1999,8,84,"C",122,NA,0.0461148,NA
1999,8,85,"D",370,NA,0.0934554,NA
1999,8,86,"E",509.5,NA,0.0902364,NA
1999,8,87,"E",563,NA,0.0934554,NA
1999,8,88,"B",96.5,NA,0.0452814,NA
1999,8,89,"C",132.5,NA,0.0461148,NA
1999,8,9,"B",89,NA,0.0427845,NA
1999,8,90,"C",122.5,NA,0.0463926,NA
1999,8,91,"E",572.5,NA,0.0966744,NA
1999,8,92,"D",407,NA,0.0865,NA
1999,8,93,"C",121.5,NA,0.0448395,NA
1999,8,94,"D",317.5,NA,0.0929183,NA
1999,8,95,"C",120,25,0.0433031,0.577325872743522
1999,8,96,"D",305,NA,0.080099,NA
1999,8,97,"C",108,26,0.0463926,0.560434207179593
1999,8,98,"E",552.5,NA,0.0902364,NA
1999,7,99,"A",38,NA,0.0438924,NA
2000,7,1,"A",46,NA,0.043059,NA
2000,7,10,"B",89.5,1159,0.0420066,27.5909023820066
2000,6,100,"A",44,NA,0.0409694,NA
2000,6,101,"B",60.5,155,0.0417473,3.71281496048846
2000,6,102,"C",114.5,1666,0.044571,37.3785645374795
2000,6,103,"C",117,1250,0.044571,28.0451414596935
2000,6,104,"B",85.5,NA,0.0473715,NA
2000,6,105,"B",56.5,261,0.042423,6.15232303231737
2000,6,106,"C",106,1190,0.0430438,27.6462579976675
2000,6,107,"C",117.5,1882,0.0448395,41.9719220776324
2000,6,108,"B",67,NA,0.0438924,NA
2000,6,109,"A",41.5,NA,0.043059,NA
2000,7,11,"B",89,NA,0.0420066,NA
2000,6,110,"C",113.5,NA,0.0461148,NA
2000,6,111,"C",111.5,1578,0.0507296,31.1060997918375
2000,6,112,"B",58,NA,0.0447258,NA
2000,6,113,"C",119.5,305,0.0455592,6.69458638430877
2000,6,114,"B",52.5,NA,0.0438924,NA
2000,6,115,"A",41,NA,0.043059,NA
2000,6,116,"E",531,NA,0.0676686,NA
2000,6,117,"A",39.5,NA,0.0468154,NA
2000,6,118,"A",41.5,NA,0.0453618,NA
2000,6,119,"A",31,NA,0.0459265,NA
2000,7,12,"B",97,NA,0.0420066,NA
2000,6,120,"A",29.5,NA,0.0445005,NA
2000,6,121,"A",25.5,NA,0.0468154,NA
2000,6,122,"A",43.5,NA,0.0409694,NA
2000,6,123,"A",44,NA,0.0438924,NA
2000,6,124,"A",46,NA,0.0438924,NA
2000,6,125,"A",47,NA,0.0453618,NA
2000,6,126,"B",62.5,NA,0.0477043,NA
2000,5,127,"B",70,NA,0.0447258,NA
2000,5,128,"B",73,797,0.0452814,17.6010459040577
2000,6,129,"B",52,NA,0.0438924,NA
2000,7,13,"B",94.5,NA,0.0405,NA
2000,5,130,"B",76.5,719,0.0452814,15.8784843224812
2000,5,131,"B",75.5,609,0.0467973,13.0135712957799
2000,6,132,"C",118,150,0.0433031,3.46395523646113
2000,6,133,"C",126.5,839,0.0463926,18.0847807624492
2000,6,134,"C",118.5,1364,0.0479457,28.4488494275816
2000,6,135,"C",122.5,NA,0.0463926,NA
2000,6,136,"C",111,704,0.0430438,16.3554333028218
2000,6,137,"C",114,1275,0.0461148,27.6483905383955
2000,6,138,"C",112,3161,0.0430438,73.4368248156529
2000,5,139,"D",221,2168,0.079173,27.3830725120938
2000,6,14,"C",112.5,NA,0.04125,NA
2000,5,140,"D",232,2226,0.0736326,30.2311747785628
2000,5,141,"D",235.5,562,0.0668908,8.40175330538729
2000,6,142,"D",428,874,0.0998934,8.74932678234999
2000,5,143,"E",530,228,0.0934554,2.43966640771962
2000,5,144,"E",523,NA,0.0902364,NA
2000,6,145,"E",545.5,NA,0.080562,NA
2000,6,146,"E",531.5,NA,0.0644496,NA
2000,6,15,"C",109,1280,0.04125,31.030303030303
2000,6,16,"C",157,587,0.0415,14.144578313253
2000,6,17,"C",161,241,0.0415,5.80722891566265
2000,7,18,"C",172,222,0.0433031,5.12665374996247
2000,7,19,"C",158,NA,0.04175,NA
2000,7,2,"A",41,NA,0.0426915,NA
2000,7,20,"C",164,464,0.0433031,10.7151681981198
2000,7,21,"C",163.5,97,0.0433031,2.24002438624486
2000,7,22,"C",162,379,0.0433031,8.75226023079179
2000,7,23,"C",150.5,745,0.0433031,17.2043110077569
2000,6,24,"D",299,1879,0.087,21.5977011494253
2000,6,25,"D",300.5,472,0.0902364,5.23070512564774
2000,6,26,"D",294,NA,0.0886806,NA
2000,6,27,"D",326.5,3955,0.0891992,44.3389626812796
2000,7,28,"D",314.5,NA,0.0891992,NA
2000,7,29,"D",309.5,NA,0.0891992,NA
2000,7,3,"A",36,NA,0.0409694,NA
2000,7,30,"D",294.5,111,0.0934554,1.18773233007402
2000,7,31,"D",291.5,NA,0.0902364,NA
2000,6,32,"E",537.5,NA,0.0902364,NA
2000,6,33,"E",520.5,193,0.0902364,2.13882646027545
2000,6,34,"E",534.5,NA,0.0902364,NA
2000,6,35,"E",542.5,NA,0.0897178,NA
2000,6,36,"E",529,NA,0.0912736,NA
2000,6,37,"E",556.5,NA,0.0912736,NA
2000,6,38,"E",528.5,NA,0.0902364,NA
2000,7,39,"E",517.5,NA,0.0912736,NA
2000,7,4,"B",82,1270,0.0437655,29.0182906627366
2000,7,40,"E",509,NA,0.0897178,NA
2000,7,5,"B",79.5,NA,0.0466704,NA
2000,7,6,"B",97.5,416,0.045108,9.22231089828855
2000,6,7,"B",99,NA,0.04125,NA
2000,6,75,"B",92.5,575,0.045837,12.5444509893754
2000,6,76,"B",91,18,0.045837,0.392695857058708
2000,6,77,"D",358.5,383,0.0902364,4.24440691339637
2000,6,78,"E",520,NA,0.0902364,NA
2000,6,79,"C",116.5,1113,0.0448395,24.8218646505871
2000,7,8,"B",76,NA,0.0417473,NA
2000,6,80,"A",40.5,NA,0.042423,NA
2000,6,81,"C",139.5,1830,0.0438217,41.7601325370764
2000,6,82,"D",317,809,0.0891992,9.06958806805442
2000,6,83,"C",120,3169,0.0430438,73.6226820122759
2000,6,84,"C",111.5,NA,0.0461148,NA
2000,6,85,"D",442.5,NA,0.0934554,NA
2000,6,86,"E",536.5,NA,0.0934554,NA
2000,6,87,"E",505,NA,0.087,NA
2000,6,88,"B",93.5,NA,0.0437655,NA
2000,6,89,"C",124,2035,0.044571,45.6574902963811
2000,7,9,"B",92.5,NA,0.0420066,NA
2000,6,90,"C",123,824,0.0448395,18.3766545122046
2000,6,91,"E",529.5,NA,0.0902364,NA
2000,6,92,"D",308,NA,0.0961188,NA
2000,6,93,"C",120.5,1208,0.0448395,26.940532343135
2000,6,94,"D",415.5,505,0.0897178,5.62876040206068
2000,6,95,"C",119,1162,0.0433031,26.8341065651189
2000,6,96,"D",346.5,465,0.0961188,4.8377632679559
2000,6,97,"C",108.5,978,0.0448395,21.8111263506507
2000,6,98,"E",558,NA,0.0902364,NA
2000,6,99,"A",46.5,NA,0.042423,NA
2001,7,1,"A",41.5,NA,0.0459265,NA
2001,7,10,"B",89.5,NA,0.0422659,NA
2001,6,100,"A",42.5,NA,0.0438924,NA
2001,6,101,"B",58.5,NA,0.0432285,NA
2001,6,102,"C",113.5,144,0.0461148,3.12264175492467
2001,6,103,"C",118.5,1411,0.0461148,30.5975521958243
2001,6,104,"B",83.5,335,0.0443025,7.56165001975058
2001,6,105,"A",49,NA,0.0438924,NA
2001,6,106,"C",109.5,134,0.0461148,2.9057916330549
2001,6,107,"C",103.5,NA,0.0463926,NA
2001,6,108,"B",67,NA,0.0438924,NA
2001,6,109,"A",34,NA,0.043059,NA
2001,7,11,"B",95.5,20,0.0437655,0.456980955318687
2001,6,110,"C",111,317,0.044571,7.11224787417828
2001,6,111,"C",106,NA,0.0430438,NA
2001,6,112,"B",58,NA,0.0447258,NA
2001,6,113,"C",114.5,375,0.0437655,8.56839291222538
2001,6,114,"B",53,426,0.0438924,9.70555266971047
2001,6,115,"A",29.5,NA,0.043059,NA
2001,6,116,"E",528.5,NA,0.0902364,NA
2001,6,117,"A",49.5,NA,0.0409694,NA
2001,6,118,"A",49,NA,0.0438924,NA
2001,6,119,"A",34.5,NA,0.0416175,NA
2001,7,12,"B",92,NA,0.0422659,NA
2001,6,120,"A",28,NA,0.0416175,NA
2001,6,121,"A",26,NA,0.042423,NA
2001,6,122,"A",29,NA,0.0341438,NA
2001,6,123,"A",35.5,NA,0.0395,NA
2001,6,124,"A",44,NA,0.042423,NA
2001,6,125,"A",47.5,NA,0.042423,NA
2001,6,126,"B",55.5,NA,0.0447258,NA
2001,6,127,"B",71.5,NA,0.0447258,NA
2001,6,128,"B",75,NA,0.0452814,NA
2001,6,129,"B",58.5,NA,0.0438924,NA
2001,7,13,"B",95.5,NA,0.0422659,NA
2001,6,130,"B",79.5,NA,0.0452814,NA
2001,6,131,"B",78,NA,0.0452814,NA
2001,6,132,"C",119,443,0.0463926,9.54893668386769
2001,6,133,"C",128,1132,0.0463926,24.4004431741269
2001,6,134,"C",120,1530,0.0463926,32.9793975763376
2001,6,135,"C",119.5,880,0.0479457,18.3540964048914
2001,6,136,"C",112,NA,0.0430438,NA
2001,6,137,"C",116,854,0.044571,19.1604406452626
2001,6,138,"C",112.5,794,0.0476586,16.6601620693852
2001,6,139,"D",218.5,583,0.0712557,8.18180159622318
2001,7,14,"C",111,NA,0.0422659,NA
2001,6,140,"D",226.5,1441,0.0712557,20.2229435680233
2001,6,141,"D",230,1760,0.0716724,24.5561750408804
2001,6,142,"D",437.5,1075,0.0934554,11.5028131065728
2001,6,143,"E",519,NA,0.0966744,NA
2001,6,144,"E",519.5,120,0.0934554,1.28403495143138
2001,6,145,"E",524.5,NA,0.0902364,NA
2001,6,146,"E",530.5,NA,0.0902364,NA
2001,7,15,"C",102.5,NA,0.0437655,NA
2001,7,16,"C",154,390,0.0461148,8.45715475292097
2001,7,17,"C",160.5,115,0.0461148,2.49377640150234
2001,7,18,"C",166.5,NA,0.0461148,NA
2001,7,19,"C",148,NA,0.044571,NA
2001,7,2,"A",38.5,NA,0.04296,NA
2001,7,20,"C",156,330,0.044571,7.40391734535909
2001,7,21,"C",167.5,140,0.0461148,3.03590170617676
2001,7,22,"C",156,NA,0.044571,NA
2001,7,23,"C",168.5,NA,0.0448395,NA
2001,7,24,"D",302,1074,0.0902364,11.9020705613256
2001,6,25,"D",300.5,1610,0.0934554,17.2274689317043
2001,7,26,"D",297.5,68,0.0918441,0.740385065562186
2001,7,27,"D",334,NA,0.0955632,NA
2001,7,28,"D",298,140,0.0886806,1.57869928710451
2001,7,29,"D",293,100,0.0886806,1.12764234793179
2001,7,3,"A",38,NA,0.04296,NA
2001,7,30,"D",301,216,0.0902364,2.39371251512693
2001,7,31,"D",308,510,0.0902364,5.65182121627193
2001,7,32,"E",550.5,NA,0.0902364,NA
2001,7,33,"D",500.5,NA,0.0934554,NA
2001,7,34,"E",573.5,NA,0.0934554,NA
2001,7,35,"E",518,NA,0.0961188,NA
2001,7,36,"E",583,NA,0.090755,NA
2001,7,37,"E",505,NA,0.1004675,NA
2001,7,38,"E",542,NA,0.0934554,NA
2001,7,39,"E",547.5,NA,0.090755,NA
2001,7,4,"B",81,NA,0.0422659,NA
2001,7,40,"E",531.5,NA,0.0897178,NA
2001,7,5,"B",83.5,NA,0.045108,NA
2001,7,6,"B",90.5,NA,0.045108,NA
2001,7,7,"B",85,NA,0.043497,NA
2001,6,75,"B",90.5,NA,0.0443025,NA
2001,6,76,"B",89.5,555,0.0443025,12.5275097342136
2001,6,77,"D",337.5,NA,0.0902364,NA
2001,6,78,"E",505,NA,0.0902364,NA
2001,6,79,"C",116,580,0.0433031,13.3939602476497
2001,7,8,"B",75,NA,0.0432285,NA
2001,6,80,"A",41.5,NA,0.0468154,NA
2001,6,81,"C",142,1127,0.0438217,25.7178521143634
2001,6,82,"D",292,580,0.0955632,6.06928189930852
2001,6,83,"C",119.5,500,0.0461148,10.8425060934884
2001,6,84,"C",112,437,0.044571,9.80458145430886
2001,6,85,"D",409,NA,0.0902364,NA
2001,6,86,"E",546,NA,0.0934554,NA
2001,6,87,"E",562,NA,0.0902364,NA
2001,6,88,"B",92,NA,0.0452814,NA
2001,6,89,"C",121,494,0.044571,11.0834399048709
2001,7,9,"B",88,5,0.0437655,0.114245238829672
2001,6,90,"C",117.5,2176,0.0448395,48.5286410419385
2001,6,91,"E",548.5,NA,0.0934554,NA
2001,6,92,"D",323,632,0.0929183,6.80167415891165
2001,6,93,"C",122.5,500,0.0448395,11.1508825923572
2001,6,94,"D",390.5,NA,0.0929183,NA
2001,6,95,"C",123,708,0.0463926,15.2610545647366
2001,6,96,"D",354.5,489,0.0929183,5.26268775903132
2001,6,97,"C",109.5,969,0.0463926,20.8869517983472
2001,6,98,"E",563.5,NA,0.0934554,NA
2001,6,99,"A",43.5,NA,0.0453618,NA
2002,8,1,"A",47.5,NA,0.0416175,NA
2002,8,10,"B",88.5,NA,0.032592,NA
2002,7,100,"A",42,NA,0.0409694,NA
2002,7,101,"B",59,NA,0.0432285,NA
2002,7,102,"C",115.5,125,0.0461148,2.71062652337211
2002,7,103,"C",115.5,1444,0.044571,32.397747414238
2002,7,104,"B",89.5,NA,0.045837,NA
2002,7,105,"B",55.5,NA,0.0438924,NA
2002,7,106,"C",113,NA,0.0461148,NA
2002,7,107,"C",118,810,0.0463926,17.4596810698258
2002,7,108,"B",68,NA,0.0409694,NA
2002,7,109,"A",38,NA,0.043059,NA
2002,8,11,"B",89,NA,0.0392504,NA
2002,7,110,"C",112,NA,0.0430438,NA
2002,7,111,"C",108,1100,0.0430438,25.555364535659
2002,7,112,"B",54.5,NA,0.0417473,NA
2002,7,113,"C",117.5,930,0.0427845,21.7368439504961
2002,7,116,"E",521.5,NA,0.0902364,NA
2002,7,117,"A",45.5,NA,0.0409694,NA
2002,7,118,"A",46.5,NA,0.0409694,NA
2002,8,12,"B",94,NA,0.0422659,NA
2002,7,121,"A",25,NA,0.041488,NA
2002,7,123,"A",44.5,690,0.0409694,16.8418380547433
2002,7,124,"A",49.5,NA,0.0438924,NA
2002,7,125,"A",47,385,0.042423,9.07526577564057
2002,7,126,"B",61,NA,0.0417473,NA
2002,7,128,"B",70,NA,0.0437655,NA
2002,7,129,"B",56,480,0.0395,12.1518987341772
2002,8,13,"B",93,NA,0.04075,NA
2002,7,131,"B",74.5,NA,0.0422659,NA
2002,7,132,"C",119,517,0.0433031,11.939099048336
2002,7,133,"C",127.5,90,0.0433031,2.07837314187668
2002,7,134,"C",120,964,0.0448395,21.4989016380647
2002,7,135,"C",122.5,1361,0.0433031,31.4296205121573
2002,7,136,"C",120,1200,0.0461148,26.0220146243722
2002,7,137,"C",127.5,NA,0.0430438,NA
2002,7,138,"C",116,400,0.0491858,8.13242846512611
2002,7,139,"D",218.5,4781,0.0855,55.9181286549708
2002,8,14,"C",115,390,0.0422659,9.22729670964063
2002,7,142,"D",400,NA,0.0902364,NA
2002,7,143,"E",528,NA,0.0902364,NA
2002,7,144,"E",508,NA,0.0902364,NA
2002,7,146,"E",550,NA,0.0966744,NA
2002,8,15,"C",110.5,867,0.0437655,19.8101244130651
2002,8,16,"C",103.5,NA,0.0394912,NA
2002,8,17,"C",106.5,NA,0.0422659,NA
2002,8,19,"C",160.5,NA,0.0430438,NA
2002,8,2,"A",39.5,NA,0.045936,NA
2002,8,21,"C",162.5,390,0.0430438,9.06053833537002
2002,8,22,"C",165.5,NA,0.0430438,NA
2002,8,23,"C",145.5,NA,0.0430438,NA
2002,8,24,"D",307.5,1000,0.0902364,11.0820023848469
2002,8,25,"D",305,2300,0.0902364,25.4886054851479
2002,8,26,"D",293.5,1500,0.0886806,16.9146352189769
2002,8,27,"D",333,500,0.0891992,5.60543143884698
2002,8,28,"D",308.5,NA,0.0886806,NA
2002,8,30,"D",294,NA,0.0827022,NA
2002,8,31,"D",255.5,NA,0.0902364,NA
2002,8,32,"E",544,NA,0.0902364,NA
2002,8,33,"E",536.5,NA,0.0902364,NA
2002,8,35,"E",533.5,NA,0.0897178,NA
2002,8,36,"E",586.5,NA,0.090755,NA
2002,8,38,"E",557.5,NA,0.0902364,NA
2002,8,39,"E",504,NA,0.090755,NA
2002,8,4,"B",84.5,NA,0.0437655,NA
2002,8,40,"E",522.5,NA,0.0822269,NA
2002,8,6,"B",97,335,0.045108,7.42662055511218
2002,8,7,"B",89.5,NA,0.0394912,NA
2002,8,75,"B",91,434,0.0443025,9.79628689125896
2002,8,76,"B",85.5,16,0.0443025,0.361153433779132
2002,8,77,"D",318.5,446,0.0902364,4.94257306364172
2002,8,78,"E",520.5,NA,0.0934554,NA
2002,8,79,"C",123.5,NA,0.0433031,NA
2002,8,8,"B",62,290,0.044448,6.52447804175666
2002,7,80,"A",41,NA,0.042423,NA
2002,8,81,"C",135.5,576,0.0453765,12.6937952464381
2002,8,83,"C",126,NA,0.044571,NA
2002,8,84,"C",113,4400,0.044571,98.7188979381212
2002,8,85,"D",375.5,NA,0.0902364,NA
2002,8,86,"E",553,NA,0.0902364,NA
2002,8,88,"B",93,NA,0.0422659,NA
2002,8,89,"C",127,943,0.0430438,21.9079170519331
2002,8,90,"C",119,NA,0.0433031,NA
2002,7,93,"C",119,1301,0.0448395,29.0145965053134
2002,8,94,"D",333.5,NA,0.0897178,NA
2002,7,95,"C",120,NA,0.0433031,NA
2002,8,96,"D",271,NA,0.0897178,NA
2002,7,97,"C",109.5,560,0.0448395,12.48898850344
2002,8,98,"E",565.5,NA,0.0902364,NA
2002,7,99,"A",48.5,NA,0.0438924,NA
2003,7,1,"A",44.5,NA,0.043059,NA
2003,7,10,"B",75,NA,0.0390096,NA
2003,6,100,"A",42.5,NA,0.0438924,NA
2003,7,101,"B",59.5,NA,0.0432285,NA
2003,7,102,"C",115,1100,0.0430438,25.555364535659
2003,7,103,"C",114,1000,0.044571,22.4361131677548
2003,7,104,"B",83,1000,0.0427845,23.3729504844044
2003,6,105,"B",70,NA,0.0425252,NA
2003,7,106,"C",112,590,0.0461148,12.7941571903163
2003,7,107,"C",117,640,0.0433031,14.7795423422342
2003,7,108,"B",62.5,NA,0.042423,NA
2003,7,109,"A",30.5,NA,0.043059,NA
2003,7,11,"B",75.5,NA,0.037324,NA
2003,6,110,"C",130,665,0.0461148,14.4205331043396
2003,6,111,"C",110.5,600,0.0430438,13.9392897467231
2003,6,112,"B",54,NA,0.0417473,NA
2003,6,113,"C",116.5,515,0.0430438,11.964557032604
2003,7,116,"E",546.5,NA,0.083781,NA
2003,7,117,"A",38.5,NA,0.0409694,NA
2003,7,118,"A",36.5,NA,0.0409694,NA
2003,7,12,"B",76,NA,0.037324,NA
2003,7,121,"A",29,NA,0.0438924,NA
2003,7,123,"A",43,NA,0.042423,NA
2003,7,124,"A",45.5,NA,0.042423,NA
2003,7,125,"A",45,NA,0.0409694,NA
2003,7,126,"B",56.5,NA,0.0417473,NA
2003,7,128,"B",77,NA,0.0437655,NA
2003,7,129,"B",56,NA,0.042423,NA
2003,7,13,"B",77,NA,0.038528,NA
2003,7,131,"B",74.5,NA,0.0422659,NA
2003,7,132,"C",128,917,0.0433031,21.1763130122324
2003,7,133,"C",125,625,0.0448395,13.9386032404465
2003,7,134,"C",115,NA,0.0433031,NA
2003,7,135,"C",103,NA,0.0433031,NA
2003,7,136,"C",103.5,700,0.0430438,16.2625047045103
2003,7,137,"C",111,400,0.0430438,9.29285983114874
2003,7,138,"C",112.5,NA,0.0430438,NA
2003,7,139,"D",217.5,1777,0.0886806,20.0382045227479
2003,7,14,"C",112,287,0.0455592,6.29949604031678
2003,7,142,"D",374,150,0.083781,1.79038206753321
2003,7,143,"E",523.5,NA,0.0902364,NA
2003,7,144,"E",543.5,NA,0.0751854,NA
2003,7,146,"E",560.5,NA,0.0902364,NA
2003,7,15,"C",109,504,0.044034,11.4457010491893
2003,7,16,"C",155,100,0.0399728,2.50170115678661
2003,7,17,"C",163.5,14,0.0399728,0.350238161950126
2003,7,19,"C",157.5,113,0.0415,2.72289156626506
2003,7,2,"A",41.5,NA,0.0438924,NA
2003,7,21,"C",160,134,0.038429,3.48694995966588
2003,7,22,"C",160,NA,0.0430438,NA
2003,7,23,"C",152,47,0.0427845,1.09852867276701
2003,7,24,"D",300.5,NA,0.0902364,NA
2003,7,25,"D",301,NA,0.083781,NA
2003,7,26,"D",295,NA,0.0891992,NA
2003,7,27,"D",333.5,2013,0.0891992,22.567466972798
2003,7,28,"D",315.5,NA,0.0891992,NA
2003,7,30,"D",303,572,0.087,6.57471264367816
2003,7,31,"D",298.5,183,0.087,2.10344827586207
2003,7,32,"E",553,NA,0.0902364,NA
2003,7,33,"E",542.5,NA,0.0902364,NA
2003,7,35,"E",534.5,NA,0.0897178,NA
2003,7,36,"E",546,NA,0.0912736,NA
2003,7,38,"E",585.5,NA,0.0902364,NA
2003,7,39,"E",602,NA,0.084744,NA
2003,7,4,"B",87,NA,0.0437655,NA
2003,7,40,"E",534,NA,0.0897178,NA
2003,7,6,"B",98,264,0.0432285,6.10708213331483
2003,7,7,"B",100,NA,0.044034,NA
2003,7,75,"B",80.5,815,0.0443025,18.3962530331245
2003,7,76,"B",77.5,NA,0.0443025,NA
2003,7,77,"D",312,2250,0.080562,27.9288001787443
2003,7,78,"E",513.5,NA,0.0902364,NA
2003,7,79,"C",120.5,638,0.0448395,14.2285261878478
2003,7,8,"B",64,NA,0.041488,NA
2003,7,80,"A",37,NA,0.0409694,NA
2003,7,81,"C",139,900,0.0469482,19.1700640280139
2003,7,83,"C",117,777,0.0491858,15.7972422935075
2003,7,84,"C",116,1458,0.0415,35.1325301204819
2003,7,85,"D",462.5,NA,0.083781,NA
2003,7,86,"E",531,NA,0.0902364,NA
2003,7,88,"B",93,NA,0.0452814,NA
2003,7,89,"C",125,355,0.0461148,7.69817932637678
2003,7,90,"C",125,140,0.0463926,3.01772265404396
2003,7,93,"C",128,346,0.0463926,7.45808598785151
2003,7,94,"D",348,312,0.0865,3.60693641618497
2003,7,95,"C",119.5,1102,0.0463926,23.7537883196889
2003,7,96,"D",355,NA,0.0832995,NA
2003,7,97,"C",109.5,220,0.0463926,4.74213559921194
2003,7,98,"E",502,NA,0.0902364,NA
2003,7,99,"A",38.5,NA,0.042423,NA
2004,7,1,"A",49,NA,0.0416175,NA
2004,7,10,"B",76,NA,0.043497,NA
2004,7,100,"A",44,NA,0.0438924,NA
2004,7,101,"B",73,29,0.0417473,0.694655702284938
2004,7,102,"C",109,30,0.0430438,0.696964487336155
2004,7,103,"C",107.5,478,0.044571,10.7244620941868
2004,7,104,"B",90,98,0.0443025,2.21206478189718
2004,7,105,"B",69.5,18,0.042423,0.424298140159819
2004,7,106,"C",114,25,0.0461148,0.542125304674421
2004,7,107,"C",110,20,0.0448395,0.446035303694287
2004,7,108,"B",62.5,NA,0.0453618,NA
2004,7,109,"A",41,NA,0.0445005,NA
2004,7,11,"B",77,NA,0.043497,NA
2004,7,110,"C",105,50,0.0430438,1.16160747889359
2004,7,111,"C",108,8,0.0415,0.192771084337349
2004,7,112,"B",52,138,0.0462231,2.98552022689954
2004,7,113,"C",117,7,0.0430438,0.162625047045103
2004,7,116,"E",524,NA,0.087,NA
2004,7,117,"A",45.5,NA,0.0438924,NA
2004,7,118,"A",40.5,NA,0.0453618,NA
2004,7,12,"B",75.5,NA,0.0447258,NA
2004,7,121,"A",34,NA,0.0436392,NA
2004,7,123,"B",52,NA,0.0453618,NA
2004,7,124,"A",46,NA,0.0453618,NA
2004,7,125,"A",49,418,0.0468154,8.92868585978118
2004,7,126,"B",57,NA,0.0417473,NA
2004,7,128,"B",76,450,0.0467973,9.61593938111814
2004,7,129,"B",59.5,NA,0.0453618,NA
2004,7,13,"B",76,NA,0.0432285,NA
2004,7,131,"B",74.5,48,0.0467973,1.0257002006526
2004,7,132,"C",120,418,0.0448395,9.32213784721061
2004,7,133,"C",121.5,NA,0.0448395,NA
2004,7,134,"C",108.5,1890,0.0866062,21.8229179897051
2004,7,135,"C",102.5,NA,0.0927852,NA
2004,7,136,"C",103.5,524,0.044571,11.7565232999035
2004,7,137,"C",104.5,39,0.044571,0.875008413542438
2004,7,138,"C",112,92,0.0461148,1.99502112120187
2004,7,139,"D",224.5,1500,0.0981711,15.2794457839425
2004,7,14,"C",112.5,NA,0.045837,NA
2004,7,142,"D",375,410,0.0902364,4.54362097778723
2004,7,143,"E",560,NA,0.0902364,NA
2004,7,144,"E",539,NA,0.0902364,NA
2004,7,146,"E",555.5,NA,0.0902364,NA
2004,7,15,"C",109,NA,0.045837,NA
2004,7,16,"C",157.5,NA,0.0443025,NA
2004,7,17,"C",162,220,0.036927,5.95770032767352
2004,7,19,"C",146,17,0.0443025,0.383725523390328
2004,7,2,"A",42.5,NA,0.042423,NA
2004,7,21,"C",161,30,0.0443025,0.677162688335873
2004,7,22,"C",161.5,44,0.0443025,0.993171942892613
2004,7,23,"C",160.5,NA,0.0443025,NA
2004,7,24,"D",284.5,NA,0.0998934,NA
2004,7,25,"D",291.5,NA,0.0966744,NA
2004,7,26,"D",289.5,NA,0.0955632,NA
2004,7,27,"D",335,NA,0.0955632,NA
2004,7,29,"D",316,NA,0.0955632,NA
2004,7,30,"D",299,NA,0.0966744,NA
2004,7,31,"D",319.5,NA,0.0966744,NA
2004,7,32,"E",566.5,NA,0.0966744,NA
2004,7,33,"D",500,NA,0.0966744,NA
2004,7,35,"E",536,NA,0.0961188,NA
2004,7,36,"E",555,NA,0.0977856,NA
2004,7,38,"E",576,NA,0.0966744,NA
2004,7,39,"E",567,NA,0.0977856,NA
2004,7,4,"B",90,20,0.0437655,0.456980955318687
2004,7,40,"E",518.5,NA,0.0961188,NA
2004,7,6,"B",97,65,0.045108,1.44098607785759
2004,7,7,"B",97.5,26,0.0473715,0.548853213430016
2004,7,75,"B",80,NA,0.045837,NA
2004,7,76,"B",80.5,NA,0.0488895,NA
2004,7,77,"D",351.5,1100,0.0859386,12.7998361620971
2004,7,78,"E",513,400,0.0966744,4.13760002648064
2004,7,79,"C",125,1000,0.0448395,22.3017651847144
2004,7,8,"B",62.5,NA,0.0462231,NA
2004,7,80,"A",38,NA,0.0409694,NA
2004,7,81,"C",140.5,391,0.0453765,8.61679503707866
2004,7,83,"C",118.5,150,0.0371508,4.03759811363416
2004,7,84,"C",115,NA,0.044571,NA
2004,7,85,"D",444,NA,0.0934554,NA
2004,7,86,"E",566,NA,0.0934554,NA
2004,7,88,"B",94.5,NA,0.0437655,NA
2004,7,89,"C",119,NA,0.044571,NA
2004,7,90,"C",119,NA,0.0448395,NA
2004,7,93,"C",122,NA,0.0448395,NA
2004,7,94,"D",406,13,0.0897178,0.144898782627305
2004,7,95,"C",119,865,0.0448395,19.2910268847779
2004,7,96,"D",387.5,NA,0.0897178,NA
2004,7,97,"C",109.5,NA,0.0448395,NA
2004,7,98,"E",563,NA,0.0934554,NA
2004,7,99,"A",42,NA,0.0438924,NA
2005,8,1,"A",47.5,684,0.0438924,15.583563441507
2005,8,10,"B",88,NA,0.0443025,NA
2005,8,100,"A",42.7,NA,0.0409694,NA
2005,8,101,"B",62,NA,0.0452814,NA
2005,8,102,"C",120,600,0.0463926,12.9330970887598
2005,8,103,"C",115,690,0.0479457,14.3912801356535
2005,8,104,"B",90,3,0.045837,0.0654493095097847
2005,8,105,"B",54.8,280,0.0462231,6.05757727197008
2005,8,106,"C",112,154,0.0463926,3.31949491944836
2005,8,107,"C",119.5,NA,0.0463926,NA
2005,8,108,"B",56.5,NA,0.0432285,NA
2005,8,109,"A",42,NA,0.0453618,NA
2005,8,11,"B",83,NA,0.0443025,NA
2005,8,110,"C",113.5,NA,0.0463926,NA
2005,8,111,"C",108.5,NA,0.0448395,NA
2005,8,112,"B",55.5,NA,0.0417473,NA
2005,8,113,"C",119,NA,0.0433031,NA
2005,8,116,"E",527,NA,0.087,NA
2005,8,117,"A",33,NA,0.043059,NA
2005,8,118,"A",42.25,NA,0.0529142,NA
2005,8,12,"B",88,NA,0.0443025,NA
2005,8,121,"A",22.25,NA,0.0445005,NA
2005,8,123,"A",46,NA,0.0468154,NA
2005,8,124,"A",50.5,NA,0.0438924,NA
2005,8,125,"A",47.5,NA,0.0438924,NA
2005,8,126,"B",57,NA,0.0447258,NA
2005,8,128,"B",69.5,NA,0.0447258,NA
2005,8,129,"B",58.5,NA,0.0447258,NA
2005,8,13,"B",91,NA,0.0443025,NA
2005,8,131,"B",73.5,NA,0.0452814,NA
2005,8,132,"C",126.5,258,0.0433031,5.95800300671315
2005,8,133,"C",128,36,0.0433031,0.831349256750671
2005,8,134,"C",116,2552,0.0448395,56.9141047513911
2005,8,135,"C",122.5,NA,0.0433031,NA
2005,8,136,"C",105,14,0.0463926,0.301772265404396
2005,8,137,"C",130.5,50,0.0448395,1.11508825923572
2005,8,138,"C",117,18,0.0463926,0.387992912662795
2005,8,139,"D",220.5,3652,0.0891992,40.9420712293384
2005,8,14,"C",111,NA,0.0463926,NA
2005,8,142,"D",404.5,2370,0.0902364,26.2643456520872
2005,8,143,"E",527,NA,0.087,NA
2005,8,144,"E",532,NA,0.087,NA
2005,8,146,"E",544,NA,0.087,NA
2005,8,15,"C",111,NA,0.0461148,NA
2005,8,16,"C",103.5,NA,0.044571,NA
2005,8,17,"C",108.5,NA,0.0463926,NA
2005,8,19,"C",120,NA,0.0448395,NA
2005,8,2,"A",38.5,NA,0.0438924,NA
2005,8,21,"C",177.5,158,0.045645,3.46149633037573
2005,8,22,"C",160,276,0.045645,6.0466644758462
2005,8,23,"C",152,428,0.0453765,9.43219507895056
2005,8,24,"D",298.5,1082,0.0897178,12.0600371386726
2005,8,25,"D",309.5,1784,0.0897178,19.884571400547
2005,8,26,"D",307.5,NA,0.0897178,NA
2005,8,27,"D",322.5,223,0.0897178,2.48557142506838
2005,8,28,"D",276.5,537,0.0897178,5.9854343285279
2005,8,30,"D",293,NA,0.0897178,NA
2005,8,31,"D",302,80,0.0897178,0.891684816168029
2005,8,32,"E",534,NA,0.0902364,NA
2005,8,33,"E",553.5,NA,0.087,NA
2005,8,35,"E",570.5,NA,0.0902364,NA
2005,8,36,"E",569,NA,0.0751854,NA
2005,8,38,"E",572,NA,0.0902364,NA
2005,8,39,"E",534,NA,0.0902364,NA
2005,8,4,"B",86,NA,0.0443025,NA
2005,8,40,"E",550.5,NA,0.0902364,NA
2005,8,6,"B",97,NA,0.045837,NA
2005,8,7,"C",101.5,NA,0.045837,NA
2005,8,75,"B",77,2120,0.045837,46.2508453869145
2005,8,76,"B",78.5,20,0.045837,0.436328730065231
2005,8,77,"D",359.5,NA,0.0902364,NA
2005,8,78,"E",544,NA,0.0902364,NA
2005,8,79,"C",118.5,NA,0.0448395,NA
2005,8,8,"B",61.5,712,0.0447258,15.9192233565414
2005,8,80,"A",42,NA,0.0438924,NA
2005,8,81,"C",146,NA,0.0467544,NA
2005,8,83,"C",125,1408,0.0463926,30.3496678349564
2005,8,84,"C",119.5,798,0.0463926,17.2010191280506
2005,8,85,"D",381,NA,0.0902364,NA
2005,8,86,"E",556.5,NA,0.0902364,NA
2005,8,88,"B",90,22,0.0461148,0.477070268113491
2005,8,89,"C",123.5,630,0.0463926,13.5797519431978
2005,8,90,"C",118,624,0.0463926,13.4504209723102
2005,8,93,"C",118.5,NA,0.0463926,NA
2005,8,94,"D",263,748,0.0966744,7.7373120495188
2005,8,95,"C",120.5,54,0.0463926,1.16397873798839
2005,8,96,"D",264,NA,0.0897178,NA
2005,8,97,"C",110.5,NA,0.0463926,NA
2005,8,98,"E",529.5,NA,0.0902364,NA
2005,8,99,"A",47.5,NA,0.0438924,NA
2006,7,1,"A",40,NA,0.042423,NA
2006,7,10,"B",88.5,NA,0.0422659,NA
2006,7,100,"A",38.6,NA,0.0438924,NA
2006,7,101,"B",62.4,488,0.0452814,10.7770519462737
2006,7,102,"C",119.5,250,0.0433031,5.77325872743522
2006,7,103,"C",114.5,793,0.0448395,17.6852997914785
2006,7,104,"B",90.35,294,0.0443025,6.63619434569155
2006,7,105,"B",54.5,NA,0.0447258,NA
2006,7,106,"C",113,2504,0.0463926,53.9741251837578
2006,7,107,"C",117.5,221,0.0463926,4.76369076102654
2006,7,108,"B",60,NA,0.0417473,NA
2006,7,109,"A",41.5,NA,0.0438924,NA
2006,7,11,"B",84,NA,0.0422659,NA
2006,7,110,"C",112.5,370,0.0463926,7.9754098714019
2006,7,111,"C",107.5,26,0.0433031,0.600418907653263
2006,7,112,"B",56,626,0.0432285,14.4811871797541
2006,7,113,"C",120.5,1192,0.0448395,26.5837041001795
2006,7,116,"E",523.5,NA,0.087,NA
2006,7,117,"A",33.85,NA,0.042423,NA
2006,7,118,"A",42.55,NA,0.0438924,NA
2006,7,12,"B",88,NA,0.04075,NA
2006,7,121,"A",22,NA,0.043059,NA
2006,7,123,"A",46.4,NA,0.0438924,NA
2006,7,124,"A",50.7,NA,0.0438924,NA
2006,7,125,"A",47.25,NA,0.0438924,NA
2006,7,126,"B",57.7,98,0.0432285,2.26702291312444
2006,7,128,"B",70.95,NA,0.0447258,NA
2006,7,129,"B",59.75,124,0.0447258,2.77244901153249
2006,7,13,"B",90,NA,0.04075,NA
2006,7,131,"B",74.45,40,0.0437655,0.913961910637374
2006,7,132,"C",127,1344,0.0433031,31.0370389186917
2006,7,133,"C",128,1372,0.0433031,31.6836438961645
2006,7,134,"C",110,324,0.0494821,6.54782234383747
2006,7,135,"C",124,856,0.0463926,18.4512185132974
2006,7,136,"C",106,1146,0.0463926,24.7022154395313
2006,7,137,"C",137.5,1632,0.0463926,35.1780240814268
2006,7,138,"C",115,437,0.0433031,10.0916562555568
2006,7,139,"D",227,570,0.0923812,6.17008655440717
2006,7,14,"C",111,7,0.0448395,0.156112356293001
2006,7,142,"D",423.5,NA,0.0902364,NA
2006,7,143,"E",542,NA,0.0902364,NA
2006,7,144,"E",541.5,NA,0.0902364,NA
2006,7,146,"E",551.5,NA,0.087,NA
2006,7,15,"C",107,NA,0.0433031,NA
2006,7,16,"C",103,NA,0.04075,NA
2006,7,17,"C",117.5,NA,0.0427845,NA
2006,7,19,"C",156.5,NA,0.04175,NA
2006,7,2,"A",44.5,NA,0.036577,NA
2006,7,21,"C",167.5,NA,0.0433031,NA
2006,7,22,"C",172,NA,0.04175,NA
2006,7,23,"C",164,NA,0.04175,NA
2006,7,24,"D",273,NA,0.0897178,NA
2006,7,25,"D",300,NA,0.0897178,NA
2006,7,26,"D",294.5,NA,0.0598061,NA
2006,7,27,"D",329.5,NA,0.0865,NA
2006,7,28,"D",318,NA,0.0865,NA
2006,7,30,"D",301,NA,0.087,NA
2006,7,31,"D",291.5,NA,0.087,NA
2006,7,32,"E",511.5,NA,0.0902364,NA
2006,7,33,"E",562.5,NA,0.0934554,NA
2006,7,35,"E",527,NA,0.0902364,NA
2006,7,36,"E",525.5,NA,0.0912736,NA
2006,7,38,"E",586.5,NA,0.087,NA
2006,7,39,"E",527,NA,0.0912736,NA
2006,7,4,"B",84,2040,0.0427845,47.680818988185
2006,7,40,"E",533.5,NA,0.0897178,NA
2006,7,6,"B",96,NA,0.045837,NA
2006,7,7,"B",96.5,NA,0.0430438,NA
2006,7,75,"B",78.5,733,0.045837,15.9914479568907
2006,7,76,"B",81.55,678,0.045837,14.7915439492113
2006,7,77,"D",362.5,NA,0.0902364,NA
2006,7,78,"E",523,NA,0.087,NA
2006,7,79,"C",115.5,NA,0.0463926,NA
2006,7,8,"B",60,NA,0.0432285,NA
2006,7,80,"A",41,NA,0.042423,NA
2006,7,81,"C",142,150,0.045108,3.32535248736366
2006,7,83,"C",123.5,286,0.0448395,6.37830484282831
2006,7,84,"C",122.5,NA,0.0448395,NA
2006,7,85,"D",393.5,NA,0.087,NA
2006,7,86,"E",538.5,NA,0.087,NA
2006,7,88,"B",91.7,NA,0.0461148,NA
2006,7,89,"C",126,NA,0.0448395,NA
2006,7,90,"C",117.5,NA,0.0463926,NA
2006,7,93,"C",118,434,0.04175,10.3952095808383
2006,7,94,"D",316.5,NA,0.0934554,NA
2006,7,95,"C",121,2928,0.0433031,67.6164062157213
2006,7,96,"D",266,NA,0.0897178,NA
2006,7,97,"C",113.5,NA,0.0448395,NA
2006,7,98,"E",525.5,NA,0.087,NA
2006,7,99,"A",48.3,NA,0.0438924,NA
2007,10,1,"A",49,NA,0.0416485,NA
2007,10,10,"B",88.5,NA,0.0422822,NA
2007,10,100,"A",38,NA,0.042423,NA
2007,10,101,"B",60.5,NA,0.042423,NA
2007,10,102,"C",121.5,211,0.0448395,4.70567245397473
2007,10,103,"C",114,422,0.044571,9.46803975679253
2007,10,104,"B",91.5,510,0.0443025,11.5117657017098
2007,10,105,"B",57,NA,0.0438924,NA
2007,10,106,"C",112.5,24,0.0463926,0.517323883550394
2007,10,107,"C",120,168,0.0463926,3.62126718485276
2007,10,108,"B",61.5,NA,0.0432285,NA
2007,10,109,"A",39.5,NA,0.042423,NA
2007,10,11,"B",83.5,NA,0.0422822,NA
2007,10,110,"C",112,NA,0.044571,NA
2007,10,111,"C",104,143,0.044571,3.20836418298894
2007,10,112,"B",54.5,NA,0.0432285,NA
2007,10,113,"C",118.5,NA,0.0461148,NA
2007,10,116,"E",536,NA,0.0966744,NA
2007,10,117,"A",39,NA,0.0416175,NA
2007,10,118,"A",45,NA,0.0409694,NA
2007,10,12,"B",87,NA,0.045314,NA
2007,10,121,"A",23.5,NA,0.0394136,NA
2007,10,123,"A",45,NA,0.042423,NA
2007,10,124,"A",50.35,NA,0.0432285,NA
2007,10,125,"A",46.85,NA,0.042423,NA
2007,10,126,"B",56.5,NA,0.0432285,NA
2007,10,128,"B",73.5,NA,0.0452814,NA
2007,10,129,"B",59.5,NA,0.0422659,NA
2007,10,13,"B",88.5,NA,0.0443355,NA
2007,10,131,"B",75.5,326,0.0452814,7.19942404607631
2007,10,132,"C",128.5,NA,0.0461148,NA
2007,10,133,"C",126,NA,0.0461148,NA
2007,10,134,"C",109,NA,0.0594446,NA
2007,10,135,"C",124.5,412,0.0463926,8.88072666761509
2007,10,136,"C",105.5,97,0.0461148,2.10344618213675
2007,10,137,"C",132.5,78,0.0463926,1.68130262153878
2007,10,138,"C",124,82,0.0463926,1.76752326879718
2007,10,139,"D",229.5,276,0.0955632,2.88814104173992
2007,10,14,"C",110.5,180,0.045314,3.9722822968619
2007,10,142,"D",404,NA,0.0934554,NA
2007,10,143,"E",532,190,0.0902364,2.10558045312091
2007,10,144,"E",540,NA,0.0934554,NA
2007,10,146,"E",545,NA,0.0966744,NA
2007,10,15,"C",109,NA,0.04587,NA
2007,10,16,"C",103,NA,0.0409852,NA
2007,10,17,"C",118.5,NA,0.042801,NA
2007,10,19,"C",153,NA,0.0448729,NA
2007,10,2,"A",45,NA,0.04448,NA
2007,10,21,"C",166,1240,0.0386772,32.0602318678705
2007,10,22,"C",171,1500,0.0448729,33.4277481508884
2007,10,23,"C",164.5,200,0.0448729,4.45703308678512
2007,10,24,"D",292.5,NA,0.096744,NA
2007,10,25,"D",297.5,NA,0.0935076,NA
2007,10,26,"D",302,NA,0.0924328,NA
2007,10,27,"D",335.5,NA,0.096188,NA
2007,10,28,"D",305,NA,0.0929702,NA
2007,10,30,"D",294.5,NA,0.0935076,NA
2007,10,31,"D",294.5,NA,0.0935076,NA
2007,10,32,"E",534,NA,0.0935076,NA
2007,10,33,"E",531,NA,0.0935076,NA
2007,10,35,"E",511,NA,0.0929702,NA
2007,10,36,"E",514.5,NA,0.0945824,NA
2007,10,38,"E",542,NA,0.0935076,NA
2007,10,39,"E",530.5,NA,0.0913264,NA
2007,10,4,"B",85.5,NA,0.0437981,NA
2007,10,40,"E",550.5,NA,0.0897697,NA
2007,10,6,"B",100.5,NA,0.0451416,NA
2007,10,7,"B",98,NA,0.04587,NA
2007,10,75,"B",73,NA,0.0427845,NA
2007,10,76,"B",81.5,NA,0.0427845,NA
2007,10,77,"D",360.5,NA,0.0902364,NA
2007,10,78,"E",532.5,NA,0.087,NA
2007,10,79,"C",122.5,25,0.0448395,0.557544129617859
2007,10,8,"B",59,NA,0.044758,NA
2007,10,80,"A",40.5,NA,0.0416175,NA
2007,10,81,"C",140.5,NA,0.0433031,NA
2007,10,83,"C",123,NA,0.0430438,NA
2007,10,84,"C",126,258,0.0433031,5.95800300671315
2007,10,85,"D",403,760,0.0902364,8.42232181248366
2007,10,86,"E",512.5,NA,0.0902364,NA
2007,10,88,"B",92,60,0.0443025,1.35432537667175
2007,10,89,"C",123,NA,0.0430438,NA
2007,10,90,"C",120.5,107,0.0463926,2.30640231416217
2007,10,93,"C",119,40,0.0463926,0.86220647258399
2007,10,94,"D",345.5,127,0.0942558,1.34739718935068
2007,10,95,"C",121,40,0.0463926,0.86220647258399
2007,10,96,"D",405,NA,0.0902364,NA
2007,10,97,"C",113,58,0.044571,1.30129456372978
2007,10,98,"E",575,NA,0.0977532,NA
2007,10,99,"A",48.95,NA,0.0438924,NA
2008,7,1,"A",48,600,0.0416485,14.4062811385764
2008,7,10,"B",86.5,NA,0.0437981,NA
2008,7,100,"A",41.65,NA,0.0438924,NA
2008,7,101,"B",61.05,NA,0.0438924,NA
2008,7,102,"C",119.5,1953,0.0463926,42.0972310239133
2008,7,103,"C",114.5,NA,0.0461148,NA
2008,7,104,"B",91.5,13,0.045837,0.2836136745424
2008,7,105,"B",56,NA,0.0438924,NA
2008,7,106,"C",111,1172,0.0463926,25.2626496467109
2008,7,107,"C",120.5,3096,0.0463926,66.7347809780008
2008,6,108,"B",60.5,NA,0.0432285,NA
2008,6,109,"A",40.5,NA,0.0495014,NA
2008,7,11,"B",83.5,NA,0.0437981,NA
2008,7,111,"C",105.5,1436,0.0461148,31.1396775004988
2008,6,112,"B",55,NA,0.0438924,NA
2008,7,113,"C",118.5,916,0.0461148,19.8634711632708
2008,7,116,"E",517,NA,0.0934554,NA
2008,7,117,"A",37,NA,0.043059,NA
2008,7,118,"A",43.5,NA,0.0438924,NA
2008,7,12,"B",82,NA,0.0440668,NA
2008,7,121,"A",24.7,NA,0.0422256,NA
2008,6,123,"A",46.5,NA,0.042423,NA
2008,6,124,"A",50.35,NA,0.0438924,NA
2008,6,125,"A",47.5,NA,0.0438924,NA
2008,7,126,"B",56,NA,0.0447258,NA
2008,6,128,"B",73.5,NA,0.0447258,NA
2008,6,129,"B",59.8,NA,0.0447258,NA
2008,7,13,"B",86.5,NA,0.0443355,NA
2008,6,131,"B",75,316,0.0447258,7.06527328745377
2008,7,132,"C",128.5,1486,0.0538006,27.6205098084408
2008,7,133,"C",128,1940,0.0461148,42.0689236427351
2008,7,134,"C",110,671,0.0461148,14.5506431774615
2008,7,135,"C",122,160,0.0463926,3.44882589033596
2008,7,136,"C",105.5,845,0.0461148,18.3238352979954
2008,7,137,"C",134.5,NA,0.0463926,NA
2008,7,138,"C",118,1074,0.0463926,23.1502437888801
2008,7,139,"D",229,NA,0.0955632,NA
2008,7,14,"C",110,NA,0.0443355,NA
2008,7,142,"D",403.5,NA,0.0934554,NA
2008,7,146,"E",537.5,NA,0.0934554,NA
2008,7,16,"C",103,NA,0.0437981,NA
2008,7,17,"C",113,NA,0.0443355,NA
2008,7,171,"A",48.15,NA,0.0409694,NA
2008,7,172,"C",115.5,NA,0.0461148,NA
2008,7,173,"C",171.5,NA,0.0475038,NA
2008,7,174,"D",258.5,NA,0.0934554,NA
2008,7,175,"B",60.1,NA,0.0432285,NA
2008,7,176,"C",117,NA,0.0443025,NA
2008,7,177,"D",349,NA,0.0966744,NA
2008,7,178,"E",746,NA,0.0751854,NA
2008,7,179,"C",162,NA,0.047226,NA
2008,7,180,"B",58,NA,0.0432285,NA
2008,7,19,"C",154.5,NA,0.0448729,NA
2008,7,2,"A",43.5,NA,0.042992,NA
2008,7,21,"C",168.5,NA,0.0448729,NA
2008,7,22,"C",149.5,NA,0.0448729,NA
2008,7,23,"C",161,NA,0.0448729,NA
2008,7,24,"D",297,1500,0.0902886,16.6133930529436
2008,7,25,"D",295,NA,0.0902886,NA
2008,7,27,"D",331.5,NA,0.0897697,NA
2008,7,30,"D",290,NA,0.0902886,NA
2008,7,31,"D",293.5,NA,0.0902886,NA
2008,7,32,"E",531,NA,0.0902886,NA
2008,7,33,"E",553.5,NA,0.0902886,NA
2008,7,36,"E",563.5,NA,0.0913264,NA
2008,7,39,"E",540,NA,0.0913264,NA
2008,7,4,"B",85,90,0.0437981,2.05488365933682
2008,7,40,"E",512,NA,0.0897697,NA
2008,7,6,"B",96,NA,0.0451416,NA
2008,7,7,"B",100,NA,0.0440668,NA
2008,7,75,"B",74.85,NA,0.042423,NA
2008,7,76,"B",83.5,NA,0.042423,NA
2008,7,77,"D",352,NA,0.0934554,NA
2008,7,78,"E",535.5,NA,0.0902364,NA
2008,7,79,"C",116.5,382,0.0448395,8.51927430056089
2008,7,8,"B",58.5,NA,0.0432607,NA
2008,7,80,"A",39.75,NA,0.043059,NA
2008,7,81,"C",146.5,NA,0.0448395,NA
2008,7,84,"C",122.5,1382,0.0448395,30.8210394852753
2008,7,86,"E",509,NA,0.0902364,NA
2008,7,88,"B",91.65,NA,0.045837,NA
2008,7,89,"C",123,1048,0.044571,23.5130465998071
2008,7,90,"C",120.5,1138,0.0448395,25.379408780205
2008,7,93,"C",119,2450,0.0433031,56.5779355288651
2008,7,94,"D",322.5,NA,0.0977532,NA
2008,7,95,"C",120.5,1954,0.0448395,43.5776491709319
2008,7,96,"D",412.5,NA,0.0934554,NA
2008,7,97,"C",113.5,1929,0.0461148,41.8303885086783
2008,7,98,"E",561.5,NA,0.1090284,NA
2008,7,99,"A",48.75,NA,0.0438924,NA
2009,7,1,"A",47.5,NA,0.0325116,NA
2009,7,10,"B",91.5,NA,0.0391248,NA
2009,7,100,"A",23,135,0.0381348,3.54007363353158
2009,6,101,"B",62.5,1300,0.0411008,31.6295546558704
2009,7,103,"C",109,1330,0.0476112,27.934603622677
2009,7,104,"B",89,930,0.0430768,21.5893473981354
2009,7,105,"B",55.5,26,0.037164,0.699601765149069
2009,7,107,"C",115,2455,0.044184,55.5630997646207
2009,7,109,"A",43,NA,0.0320232,NA
2009,7,110,"C",111.5,5150,0.0416976,123.508307432562
2009,7,112,"B",57.5,70,0.0418,1.67464114832536
2009,7,116,"E",557.5,NA,0.0938007,NA
2009,7,117,"A",33.5,NA,0.0361812,NA
2009,7,121,"A",23.5,NA,0.0366696,NA
2009,7,123,"A",45,NA,0.037884,NA
2009,7,125,"A",34,NA,0.0366696,NA
2009,7,126,"B",56,20,0.0430616,0.464450926115147
2009,7,129,"B",56.5,10,0.0394136,0.253719528284653
2009,7,13,"B",85,NA,0.0402496,NA
2009,6,130,"C",105.5,1450,0.0466704,31.0689430559841
2009,6,131,"C",103,800,0.045108,17.7352132659395
2009,6,132,"C",103.5,1325,0.0413784,32.0215378071651
2009,6,133,"C",112.5,700,0.0426216,16.4235974247799
2009,6,134,"B",72.5,2005,0.0444752,45.0813037378134
2009,6,135,"A",38,NA,0.0393624,NA
2009,6,136,"A",39.5,NA,0.0366696,NA
2009,7,137,"C",136.5,1810,0.0460488,39.3061274126579
2009,7,138,"C",107,1700,0.0429408,39.5893881809375
2009,6,139,"D",230,1700,0.0944762,17.993949798997
2009,7,14,"C",116.5,230,0.044184,5.20550425493391
2009,7,142,"D",412,1000,0.0987901,10.1224717861405
2009,6,143,"E",531.5,NA,0.0997542,NA
2009,6,144,"E",554,NA,0.0997542,NA
2009,6,145,"D",359,600,0.0971254,6.17758073583223
2009,6,146,"C",169,1250,0.048216,25.9250041480007
2009,7,147,"C",102,1900,0.0469728,40.4489406635329
2009,7,148,"C",106,4600,0.0413784,111.169112387139
2009,6,150,"C",136.5,1420,0.0398328,35.6490128738125
2009,6,151,"D",343,350,0.0944762,3.70463672332291
2009,6,152,"E",541.5,NA,0.1043091,NA
2009,6,153,"B",85.5,2000,0.0413744,48.3390695695889
2009,6,154,"B",81,NA,0.040812,NA
2009,6,156,"A",42.5,NA,0.0336996,NA
2009,6,157,"C",119,1600,0.0563136,28.4123195817707
2009,6,158,"C",113.5,3900,0.0426216,91.5028999380596
2009,7,16,"C",103.5,NA,0.0491568,NA
2009,7,160,"B",68,680,0.0416632,16.3213579369804
2009,6,161,"C",122.5,4040,0.0466704,86.5645034111557
2009,6,162,"C",133,1650,0.0507192,32.5320588652818
2009,7,163,"B",69.5,NA,0.0416632,NA
2009,7,164,"B",81.5,170,0.0366016,4.64460570029726
2009,7,165,"C",125.5,190,0.0441672,4.3018348457679
2009,7,166,"C",116,NA,0.0416976,NA
2009,7,167,"D",348,1600,0.0895,17.877094972067
2009,7,168,"D",394,NA,0.0875131,NA
2009,7,169,"E",520,NA,0.1004535,NA
2009,7,17,"C",119.5,10,0.0454272,0.220132431670893
2009,7,170,"E",597.5,NA,0.0920619,NA
2009,7,2,"A",28.5,NA,0.0361812,NA
2009,7,22,"C",166,NA,0.041076,NA
2009,7,23,"C",150,175,0.0413784,4.2292597103803
2009,7,24,"D",294.5,860,0.0888377,9.68057480101353
2009,7,26,"D",297,1150,0.0934917,12.3005571617587
2009,7,27,"D",334.5,760,0.0934917,8.12906386342317
2009,7,28,"D",408.5,NA,0.0951385,NA
2009,7,31,"D",294,NA,0.0948163,NA
2009,7,32,"E",523.5,NA,0.0941598,NA
2009,7,33,"E",563.5,NA,0.0955584,NA
2009,7,38,"E",567.5,NA,0.0920619,NA
2009,7,39,"E",522.5,NA,0.0962577,NA
2009,7,4,"B",90.5,135,0.0411008,3.28460759887885
2009,7,40,"E",534.5,NA,0.0958986,NA
2009,7,41,"B",79,NA,0.0374376,NA
2009,7,6,"B",93,NA,0.037164,NA
2009,7,7,"C",108,220,0.0435624,5.05022680109452
2009,6,76,"B",82.5,5,0.040812,0.122512986376556
2009,6,77,"D",378,NA,0.0951385,NA
2009,6,78,"E",545,NA,0.1043091,NA
2009,7,8,"B",59.5,NA,0.0385624,NA
2009,7,80,"A",41.5,100,0.0364188,2.74583456895889
2009,6,83,"C",124.5,700,0.0466704,14.9988000959923
2009,6,84,"C",120,5,0.0460488,0.108580462465906
2009,6,85,"D",395.5,NA,0.0905024,NA
2009,6,86,"E",574,NA,0.0966168,NA
2009,6,88,"B",90,700,0.0413744,16.9186743493561
2009,6,93,"C",120,NA,0.0435624,NA
2009,6,95,"C",120,1300,0.0448056,29.0142303640616
2009,6,96,"D",404.5,750,0.1004548,7.46604442993267
2009,6,97,"C",111.5,1850,0.0466704,39.6396859679797
2009,6,98,"E",524.5,NA,0.1028916,NA
2010,7,1,"A",47,NA,0.0411008,NA
2010,7,10,"B",89.5,NA,0.0479675,NA
2010,7,100,"A",39,NA,0.040812,NA
2010,7,101,"B",60,NA,0.048615,NA
2010,7,104,"B",88,1100,0.0479675,22.9321936727993
2010,7,105,"B",57,8,0.0456925,0.175083438201018
2010,7,107,"C",115.5,410,0.048996,8.36803004326884
2010,7,109,"A",43,NA,0.0416632,NA
2010,7,110,"C",110.5,650,0.04833,13.4492033933375
2010,7,112,"B",57,45,0.0479675,0.938135195705426
2010,7,116,"E",553.5,NA,0.0971396,NA
2010,7,117,"A",32,NA,0.0422256,NA
2010,7,121,"A",19,NA,0.0394136,NA
2010,7,123,"A",45.5,NA,0.0413744,NA
2010,7,125,"A",47.5,30,0.0422256,0.710469478231215
2010,7,126,"B",55.5,45,0.048615,0.925640234495526
2010,7,129,"B",59.5,60,0.048615,1.23418697932737
2010,7,13,"B",86.5,NA,0.04634,NA
2010,7,131,"C",113.5,1300,0.050004,25.9979201663867
2010,7,132,"C",103,2920,0.040806,71.5581042003627
2010,7,133,"C",111,600,0.050004,11.9990400767939
2010,7,134,"B",72.5,750,0.0469875,15.9616919393456
2010,7,135,"A",39,NA,0.0396872,NA
2010,7,137,"C",133,700,0.049338,14.187847095545
2010,7,138,"C",107,20,0.045,0.444444444444444
2010,7,139,"D",225.5,2370,0.1038972,22.8110093438514
2010,7,14,"C",114.5,NA,0.049338,NA
2010,7,142,"D",402.5,345,0.0966229,3.5705821290812
2010,7,143,"E",530,NA,0.1040956,NA
2010,7,144,"E",543,NA,0.1037572,NA
2010,7,145,"D",383.5,1100,0.1014662,10.8410485462154
2010,7,146,"C",170,900,0.049662,18.1225081551287
2010,7,147,"C",102.5,800,0.046674,17.1401636885632
2010,7,148,"C",106.5,350,0.050004,6.99944004479642
2010,7,150,"C",137.5,275,0.045342,6.06501698204755
2010,7,151,"D",349,2900,0.0817377,35.4793442927804
2010,7,152,"E",527.5,NA,0.0995836,NA
2010,7,154,"B",83.5,950,0.04732,20.0760777683855
2010,7,156,"A",39,NA,0.0382888,NA
2010,7,157,"C",118,NA,0.047664,NA
2010,7,158,"C",117,1100,0.04833,22.7601903579557
2010,7,16,"C",103,155,0.046998,3.2980126813907
2010,7,160,"B",67.5,5,0.048615,0.102848914943947
2010,7,161,"C",120.5,850,0.048672,17.4638395792242
2010,7,162,"C",132.5,1750,0.049338,35.4696177388625
2010,7,163,"B",72.5,NA,0.04214,NA
2010,7,165,"C",126,NA,0.04734,NA
2010,7,166,"C",114,NA,0.04833,NA
2010,7,167,"D",337.5,595,0.1032053,5.76520779456094
2010,7,168,"D",394,355,0.0986986,3.59680887064254
2010,7,169,"E",536.5,NA,0.0978352,NA
2010,7,17,"C",115.5,15,0.046008,0.32603025560772
2010,7,170,"E",609.5,175,0.0971396,1.80153099250975
2010,7,171,"A",46,NA,0.039976,NA
2010,7,172,"C",111.5,1110,0.045324,24.4903362456976
2010,7,173,"C",178,85,0.048672,1.74638395792242
2010,7,174,"D",282.5,185,0.1011296,1.82933582254849
2010,7,175,"B",61,185,0.04473,4.13592667113794
2010,7,176,"C",115.5,NA,0.049338,NA
2010,7,177,"D",275,160,0.098362,1.62664443585938
2010,7,178,"E",732,NA,0.0832088,NA
2010,7,179,"C",189,350,0.046332,7.55417422084089
2010,7,180,"B",76,120,0.0466725,2.57110718303069
2010,7,2,"A",14.5,NA,0.0419368,NA
2010,7,22,"C",168.5,NA,0.051678,NA
2010,7,23,"C",154,NA,0.04734,NA
2010,7,26,"D",296.5,970,0.095931,10.1114342600411
2010,7,27,"D",330.5,525,0.0990539,5.30014466871067
2010,7,31,"D",291,NA,0.098362,NA
2010,7,32,"E",558,NA,0.094,NA
2010,7,33,"E",544.5,NA,0.0953912,NA
2010,7,38,"E",576,NA,0.0929472,NA
2010,7,39,"E",591,NA,0.0981924,NA
2010,7,4,"B",81.5,NA,0.0456925,NA
2010,7,41,"B",78.5,NA,0.0479675,NA
2010,7,6,"B",94,NA,0.0405384,NA
2010,7,76,"B",79.5,440,0.047635,9.23690563661174
2010,7,77,"D",372,755,0.0962863,7.84119859211539
2010,7,78,"E",557.5,NA,0.0971396,NA
2010,7,8,"B",60.5,NA,0.0469875,NA
2010,7,80,"A",30.5,NA,0.0385624,NA
2010,7,83,"C",126,1550,0.049662,31.210986267166
2010,7,84,"C",132,250,0.05193,4.81417292509147
2010,7,85,"D",375,175,0.1025134,1.70709390187039
2010,7,86,"E",553,NA,0.0961056,NA
2010,7,88,"B",91.5,1510,0.048615,31.0603723130721
2010,7,93,"C",119,NA,0.048672,NA
2010,7,95,"C",120,1300,0.049338,26.3488588917265
2010,7,97,"C",115.5,1450,0.050004,28.9976801855852
2010,7,98,"E",521,NA,0.0961056,NA
2011,7,1,"A",30.5,NA,0.0422114,NA
2011,7,10,"B",91,NA,0.0463229,NA
2011,7,100,"A",34,NA,0.042504,NA
2011,7,101,"B",60.5,NA,0.0456976,NA
2011,7,104,"B",86.5,760,0.0469482,16.1880540681006
2011,7,105,"B",59,NA,0.0469482,NA
2011,7,107,"C",114,1880,0.0497262,37.8070313034175
2011,7,109,"A",30.5,NA,0.0427812,NA
2011,7,110,"C",113,12,0.0477393,0.251365227391269
2011,7,112,"B",57.5,NA,0.044447,NA
2011,7,116,"E",544.5,NA,0.0981924,NA
2011,7,117,"A",33,NA,0.0427812,NA
2011,7,121,"A",10.5,NA,0.0427812,NA
2011,7,123,"A",17,NA,0.0427812,NA
2011,7,125,"A",47.5,NA,0.0427812,NA
2011,7,126,"B",83,NA,0.0466271,NA
2011,7,129,"B",79,NA,0.0460018,NA
2011,7,13,"B",87.5,NA,0.0469482,NA
2011,7,131,"C",103.5,NA,0.0467369,NA
2011,7,132,"C",104,640,0.0477393,13.4061454608677
2011,7,133,"C",111,NA,0.0480615,NA
2011,7,134,"B",68.5,15,0.0469482,0.319501067133564
2011,7,135,"A",37.5,NA,0.0424886,NA
2011,7,137,"C",128.5,875,0.0490639,17.8338860139532
2011,7,138,"C",107,NA,0.0484016,NA
2011,7,139,"D",228,1200,0.102786,11.67474169634
2011,7,14,"C",116,175,0.0490639,3.56677720279065
2011,7,142,"D",428.5,NA,0.095941,NA
2011,7,143,"E",545.5,NA,0.0981736,NA
2011,7,144,"E",595,NA,0.1016704,NA
2011,7,145,"D",386,405,0.099012,4.0904132832384
2011,7,146,"C",174.5,600,0.0480615,12.4840048687619
2011,7,147,"C",103,630,0.0480615,13.1082051122
2011,7,148,"C",105,200,0.0410447,4.87273630943825
2011,7,150,"C",139,350,0.0467369,7.48872946215945
2011,7,151,"D",359,930,0.099012,9.3928008726215
2011,7,152,"E",586,NA,0.0971396,NA
2011,7,154,"B",79.5,NA,0.0469482,NA
2011,7,156,"A",40.5,NA,0.0407792,NA
2011,7,157,"C",111.5,370,0.0477214,7.75333498179014
2011,7,158,"C",118,5250,0.0497262,105.578145927097
2011,7,16,"C",103,NA,0.0497262,NA
2011,7,160,"B",67.5,NA,0.0453765,NA
2011,7,161,"C",123.5,1275,0.0477393,26.7075554103223
2011,7,162,"C",132.5,335,0.0497262,6.73689121630046
2011,7,163,"B",71,NA,0.044447,NA
2011,7,165,"C",128.5,NA,0.0487238,NA
2011,7,166,"C",113.5,NA,0.0473992,NA
2011,7,167,"D",343.5,125,0.09731,1.28455451649368
2011,7,168,"D",396.5,175,0.100381,1.74335780675626
2011,7,169,"E",509,NA,0.1002792,NA
2011,7,17,"C",119,NA,0.0484016,NA
2011,7,170,"E",608.5,NA,0.0978352,NA
2011,7,171,"A",46,NA,0.0416416,NA
2011,7,172,"C",111.5,15,0.0487238,0.307857761504645
2011,7,173,"C",181.5,NA,0.0490639,NA
2011,7,174,"D",293.5,680,0.095941,7.08768930905452
2011,7,175,"B",62,NA,0.0435006,NA
2011,7,176,"C",116,NA,0.0487238,NA
2011,7,177,"D",275.5,NA,0.0955895,NA
2011,7,178,"E",715.5,NA,0.0891308,NA
2011,7,179,"C",161.5,NA,0.0473992,NA
2011,7,180,"B",76.5,NA,0.044447,NA
2011,7,2,"A",14.5,NA,0.0422114,NA
2011,7,22,"C",168,NA,0.0497262,NA
2011,7,23,"C",158.5,300,0.047077,6.37253860696306
2011,7,26,"D",295.5,1925,0.0966255,19.9222772456546
2011,7,27,"D",335,375,0.099012,3.78741970670222
2011,7,31,"D",294.5,NA,0.0931845,NA
2011,7,32,"E",539,240,0.1002792,2.39331785654453
2011,7,33,"E",575.5,NA,0.0995836,NA
2011,7,38,"E",581,NA,0.099922,NA
2011,7,39,"E",570,NA,0.096444,NA
2011,7,4,"B",80,NA,0.0463229,NA
2011,7,41,"B",78.5,NA,0.0456976,NA
2011,7,6,"B",93.5,NA,0.0466271,NA
2011,7,76,"B",81,445,0.0441259,10.0847801404617
2011,7,77,"D",365.5,790,0.0935175,8.4476167562221
2011,7,78,"E",538.5,NA,0.1013132,NA
2011,7,8,"B",59.5,NA,0.0456976,NA
2011,7,80,"A",36,NA,0.0419188,NA
2011,7,83,"C",124,2030,0.0480615,42.2375498059777
2011,7,84,"C",119,1360,0.047077,28.8888416848992
2011,7,85,"D",386.5,NA,0.0993635,NA
2011,7,86,"E",577.5,NA,0.0978352,NA
2011,7,88,"B",89.5,430,0.0460018,9.34746031677021
2011,7,93,"C",119,630,0.0477393,13.1966744380416
2011,7,95,"C",121.5,2570,0.0497262,51.6830161966931
2011,7,97,"C",110,1860,0.0467369,39.7972479989045
2011,7,98,"E",524,NA,0.1002792,NA
2012,7,1,"A",32.5,NA,0.041952,NA
2012,7,10,"B",90.5,NA,0.0440055,NA
2012,7,100,"A",39.5,NA,0.0422256,NA
2012,7,101,"B",59,NA,0.0424875,NA
2012,7,104,"B",88,330,0.0427845,7.71307365985345
2012,7,105,"B",58,NA,0.045837,NA
2012,7,107,"C",114.5,492,0.0480594,10.2373313025131
2012,7,109,"A",33,NA,0.0422256,NA
2012,7,110,"C",112.5,1160,0.0471079,24.6243199123714
2012,7,112,"B",55.5,NA,0.045837,NA
2012,7,116,"E",554.5,NA,0.1001031,NA
2012,7,117,"A",29,NA,0.039976,NA
2012,7,121,"A",12,NA,0.0422256,NA
2012,7,123,"A",17,NA,0.0422256,NA
2012,7,125,"A",47.5,NA,0.0416632,NA
2012,7,126,"B",82.5,NA,0.04554,NA
2012,7,129,"B",79.5,565,0.044319,12.7484825921162
2012,7,13,"B",87.5,NA,0.045837,NA
2012,7,131,"C",103,25,0.0451876,0.553249121440395
2012,7,132,"C",103,900,0.0451876,19.9169683718542
2012,7,133,"C",111,NA,0.0451876,NA
2012,7,134,"B",67,20,0.047685,0.419419104540212
2012,7,135,"A",34,NA,0.0397024,NA
2012,7,137,"C",128,565,0.0480594,11.7562849307316
2012,7,138,"C",107,462,0.0432673,10.6778098009351
2012,7,139,"D",226.5,2450,0.1036098,23.6464118259084
2012,7,14,"C",116,NA,0.045837,NA
2012,7,142,"D",408,NA,0.1004535,NA
2012,7,143,"E",562.5,NA,0.1036557,NA
2012,7,144,"E",607.5,NA,0.1047062,NA
2012,7,145,"D",397.5,240,0.0997731,2.40545798416607
2012,7,146,"C",170,1520,0.047748,31.8337940856162
2012,7,147,"C",102,1305,0.0480594,27.1538970523977
2012,7,148,"C",107,880,0.0480594,18.3106738744137
2012,7,150,"C",138.5,28,0.0448589,0.62417937131762
2012,7,151,"D",369.5,493,0.0973161,5.06596544662189
2012,7,152,"E",599,20,0.1001222,0.199755898292287
2012,7,154,"B",81,NA,0.043395,NA
2012,7,156,"A",40,525,0.0422256,12.4332158690463
2012,7,157,"C",110.5,NA,0.0464678,NA
2012,7,158,"C",116,440,0.0480594,9.15533693720687
2012,7,16,"C",103,NA,0.0458104,NA
2012,7,160,"B",68,NA,0.045837,NA
2012,7,161,"C",122,240,0.045499,5.27484120530122
2012,7,162,"C",133,1255,0.047748,26.283823406216
2012,7,163,"B",70.5,NA,0.0452265,NA
2012,7,165,"C",125.5,NA,0.0480594,NA
2012,7,166,"C",112,NA,0.0474193,NA
2012,7,167,"D",341,295,0.096957,3.04258588858979
2012,7,168,"D",397,214,0.1015119,2.10812722449289
2012,7,169,"E",540,NA,0.1001222,NA
2012,7,17,"C",113.5,NA,0.0458277,NA
2012,7,170,"E",618.5,NA,0.1061196,NA
2012,7,171,"A",46.5,NA,0.0422256,NA
2012,7,172,"C",113,340,0.0429386,7.91828331617705
2012,7,173,"C",176,NA,0.0480594,NA
2012,7,174,"D",295.5,180,0.1029105,1.74909265818357
2012,7,175,"B",62,NA,0.0452265,NA
2012,7,176,"C",115.5,230,0.0480594,4.78574430808541
2012,7,177,"D",276.5,445,0.1029105,4.32414573828715
2012,7,178,"E",667,NA,0.0926732,NA
2012,7,179,"C",156.5,1895,0.0480594,39.4303715818341
2012,7,180,"B",77,253,0.045837,5.51955843532517
2012,7,2,"A",15,NA,0.0422256,NA
2012,7,22,"C",170,NA,0.0448589,NA
2012,7,23,"C",154.5,405,0.0448416,9.03179190751445
2012,7,26,"D",296.5,NA,0.1050084,NA
2012,7,27,"D",329,NA,0.0980154,NA
2012,7,31,"D",289,150,0.0980154,1.53037175790743
2012,7,32,"E",576.5,NA,0.1015356,NA
2012,7,33,"E",555.5,NA,0.097983,NA
2012,7,38,"E",582.5,NA,0.1057758,NA
2012,7,39,"E",552,NA,0.0990526,NA
2012,7,4,"B",80,NA,0.0440055,NA
2012,7,41,"B",78,NA,0.0427845,NA
2012,7,6,"B",93.5,NA,0.0452265,NA
2012,7,76,"B",84.5,NA,0.045837,NA
2012,7,77,"D",401,2320,0.1015119,22.8544633683342
2012,7,78,"E",550,NA,0.100466,NA
2012,7,8,"B",60,NA,0.043395,NA
2012,7,80,"A",36.5,NA,0.0408272,NA
2012,7,83,"C",124,280,0.0448589,6.2417937131762
2012,7,84,"C",118,480,0.0471079,10.1893737568433
2012,7,85,"D",441,NA,0.1004535,NA
2012,7,86,"E",561,NA,0.1011727,NA
2012,7,88,"B",89.5,NA,0.045837,NA
2012,7,93,"C",119,NA,0.0474193,NA
2012,7,95,"C",121,455,0.0467792,9.72654513116941
2012,7,97,"C",110,NA,0.0439074,NA
2012,7,98,"E",520,NA,0.1008289,NA
2013,7,1,"A",28.5,NA,0.0435624,NA
2013,7,10,"B",91,NA,0.050508,NA
2013,7,100,"A",39.5,NA,0.0445032,NA
2013,7,101,"B",63,360,0.0494832,7.27519643030362
2013,7,104,"B",87,450,0.0508374,8.85175087632334
2013,7,105,"B",58.5,NA,0.0494832,NA
2013,7,107,"C",113,855,0.0549612,15.5564288989323
2013,8,109,"A",32.5,NA,0.0460488,NA
2013,7,110,"C",110,920,0.0525042,17.522407731191
2013,8,112,"B",56.5,NA,0.050508,NA
2013,7,116,"E",550.5,NA,0.0981454,NA
2013,8,117,"A",33,NA,0.0476112,NA
2013,8,121,"A",11,NA,0.0466704,NA
2013,8,123,"A",17,NA,0.0476112,NA
2013,8,125,"A",34,NA,0.0469896,NA
2013,8,126,"B",83.5,450,0.0501603,8.97123821029778
2013,7,129,"B",79,60,0.0501603,1.19616509470637
2013,7,13,"B",87.5,20,0.0508374,0.393411150058815
2013,7,131,"C",102.5,140,0.0511056,2.73942581634889
2013,7,132,"C",102,40,0.0521451,0.767090292280579
2013,7,133,"C",112,680,0.0343035,19.8230501260804
2013,7,134,"B",72.5,460,0.0508374,9.04845645135274
2013,7,135,"A",31.5,NA,0.0457296,NA
2013,7,137,"C",127,220,0.0518049,4.24670253199987
2013,7,138,"C",106.5,335,0.0514647,6.50931609433262
2013,7,139,"D",224.5,3580,0.11112,32.2174226061915
2013,7,14,"C",113.5,340,0.0514647,6.60647006588982
2013,7,142,"D",406.5,NA,0.10298,NA
2013,7,143,"E",572,NA,0.1032674,NA
2013,7,144,"E",611.5,NA,0.1058087,NA
2013,7,145,"D",372.5,1260,0.1026,12.280701754386
2013,7,146,"C",171,NA,0.0507654,NA
2013,7,147,"C",102,NA,0.0528633,NA
2013,7,148,"C",106.5,195,0.0525042,3.7139885951981
2013,7,150,"C",133.5,NA,0.0500661,NA
2013,7,151,"D",246.5,1690,0.10854,15.570296664824
2013,7,152,"E",566,NA,0.106183,NA
2013,7,154,"B",80,40,0.0498309,0.802714781390663
2013,7,156,"A",38.5,NA,0.0448056,NA
2013,7,157,"C",111.5,35,0.0504063,0.694357649738227
2013,7,158,"C",115,1470,0.0553203,26.5725240101735
2013,7,16,"C",102.5,NA,0.0525042,NA
2013,8,160,"B",67.5,370,0.0494832,7.47728522003427
2013,7,161,"C",121.5,1200,0.052164,23.0043708304578
2013,7,162,"C",133,1570,0.0511056,30.7207037976269
2013,7,163,"B",68.5,NA,0.0508374,NA
2013,7,165,"C",125.5,15,0.0514458,0.291568991054663
2013,7,166,"C",113.5,NA,0.0504063,NA
2013,7,167,"D",341,20,0.10484,0.190766882869134
2013,7,168,"D",396.5,760,0.11112,6.8394528437725
2013,7,169,"E",517.5,NA,0.106183,NA
2013,7,17,"C",111,NA,0.0525042,NA
2013,7,170,"E",617,NA,0.0970619,NA
2013,7,171,"A",44.5,NA,0.0463512,NA
2013,7,172,"C",112,NA,0.0525042,NA
2013,7,173,"C",167.5,460,0.0514458,8.94144905900968
2013,7,174,"D",294,1240,0.10816,11.4644970414201
2013,7,175,"B",60,NA,0.0508374,NA
2013,7,176,"C",114,7,0.0518049,0.135122353290905
2013,7,177,"D",275,175,0.1089,1.60697887970615
2013,7,178,"E",703.5,NA,0.1025188,NA
2013,7,179,"C",154,320,0.0521451,6.13672233824463
2013,7,180,"B",78,NA,0.0504897,NA
2013,7,2,"A",14,NA,0.0466704,NA
2013,7,22,"C",168,210,0.0525042,3.99968002559795
2013,7,23,"C",172.5,240,0.0525042,4.57106288639766
2013,7,26,"D",295.5,1160,0.10964,10.5800802626779
2013,7,27,"D",331,310,0.10594,2.92618463281103
2013,7,31,"D",305.5,20,0.10558,0.189429816253078
2013,7,32,"E",580,NA,0.0992486,NA
2013,7,33,"E",555.5,NA,0.1025385,NA
2013,7,38,"E",585.5,NA,0.1014353,NA
2013,7,39,"E",587.5,NA,0.1007064,NA
2013,7,4,"B",79,NA,0.0457683,NA
2013,7,41,"B",79,NA,0.0508374,NA
2013,7,6,"B",93,250,0.0508374,4.91763937573519
2013,7,76,"B",79.5,NA,0.048129,NA
2013,7,77,"D",415,NA,0.11112,NA
2013,7,78,"E",569,NA,0.0985197,NA
2013,7,8,"B",58,NA,0.048129,NA
2013,7,80,"A",40,NA,0.0448056,NA
2013,7,83,"C",123,560,0.0528633,10.5933606112369
2013,7,84,"C",118.5,890,0.0504063,17.6565230933435
2013,7,85,"D",457,NA,0.10668,NA
2013,7,86,"E",541,NA,0.1039963,NA
2013,7,88,"B",91,20,0.0491538,0.40688614105115
2013,7,93,"C",120,900,0.0511056,17.6105945336715
2013,7,95,"C",120.5,1030,0.0511056,20.154347077424
2013,7,97,"C",109.5,500,0.0535626,9.33487172019282
2013,7,98,"E",517.5,NA,0.1043509,NA
2014,8,1,"A",26.5,NA,0.0497262,NA
2014,8,10,"B",88.5,NA,0.0499379,NA
2014,8,100,"A",39,NA,0.0497262,NA
2014,8,101,"B",62.5,65,0.0496121,1.31016425428474
2014,8,104,"B",89,131,0.0502818,2.60531643656353
2014,8,105,"B",58.5,NA,0.0469333,NA
2014,8,107,"C",111.5,370,0.0497856,7.43186784933796
2014,8,109,"A",43,NA,0.0464147,NA
2014,8,110,"C",111.5,1100,0.0501312,21.9424230818333
2014,8,112,"B",57,NA,0.0489424,NA
2014,8,116,"E",544,NA,0.1023932,NA
2014,8,117,"A",32.5,NA,0.0457524,NA
2014,8,121,"A",11,NA,0.0497262,NA
2014,8,123,"A",16,NA,0.0487238,NA
2014,8,125,"A",34,NA,0.0497262,NA
2014,8,126,"B",83.5,NA,0.0492682,NA
2014,8,129,"B",78,NA,0.0502818,NA
2014,8,13,"B",87,NA,0.0499379,NA
2014,8,131,"C",103.5,3650,0.0533376,68.432025437965
2014,8,132,"C",104.5,850,0.0533376,15.9362251019918
2014,8,133,"C",108,2625,0.0533376,49.2148128149748
2014,8,134,"B",73,60,0.049594,1.20982376900431
2014,8,135,"A",37,NA,0.0467369,NA
2014,8,137,"C",124,440,0.0508416,8.6543303121853
2014,8,138,"C",106.5,455,0.0462144,9.84541614734801
2014,8,139,"D",227,NA,0.1089,NA
2014,8,14,"C",113.5,NA,0.0518976,NA
2014,8,142,"D",415.5,760,0.1033956,7.35040949518161
2014,8,143,"E",575.5,NA,0.1006084,NA
2014,8,144,"E",608,NA,0.1045466,NA
2014,8,145,"D",388,2000,0.102663,19.4812152382066
2014,8,146,"C",170.5,152,0.051552,2.94847920546245
2014,8,147,"C",102.5,160,0.0497664,3.21502057613169
2014,8,148,"C",106.5,180,0.0518976,3.46836847946726
2014,8,150,"C",133,480,0.051552,9.31098696461825
2014,8,151,"D",377.5,1210,0.1056132,11.4569012206807
2014,8,152,"E",589.5,NA,0.0988042,NA
2014,8,154,"B",80,110,0.0502818,2.18767029024418
2014,8,156,"A",41.5,NA,0.0487238,NA
2014,8,157,"C",110.5,NA,0.0533376,NA
2014,8,158,"C",113,1460,0.0519168,28.1219181459566
2014,8,16,"C",103,NA,0.052992,NA
2014,8,160,"B",66.5,25,0.0492682,0.507426697139331
2014,8,161,"C",120,670,0.0508416,13.1781847935549
2014,8,162,"C",134,762,0.0533376,14.2863570914327
2014,8,163,"B",69.5,NA,0.0489424,NA
2014,8,165,"C",130,30,0.0526272,0.570047427946005
2014,8,166,"C",114,NA,0.050496,NA
2014,8,167,"D",340.5,90,0.1045044,0.861207757759482
2014,8,168,"D",393.5,NA,0.1070784,NA
2014,8,169,"E",516,NA,0.097,NA
2014,8,17,"C",112,NA,0.0512064,NA
2014,8,170,"E",617,NA,0.0991534,NA
2014,8,171,"A",46,NA,0.0497262,NA
2014,8,172,"C",111.5,10,0.0526272,0.190015809315335
2014,8,173,"C",165,NA,0.0533376,NA
2014,8,174,"D",295.5,490,0.1100088,4.4541891194159
2014,8,175,"B",59.5,NA,0.0482727,NA
2014,8,176,"C",114.5,10,0.0533376,0.187485001199904
2014,8,177,"D",274.5,180,0.1037718,1.73457528924043
2014,8,178,"E",706.5,NA,0.0952152,NA
2014,8,179,"C",151.5,60,0.0533376,1.12491000719942
2014,8,180,"B",76,NA,0.0496121,NA
2014,8,2,"A",14,NA,0.0497262,NA
2014,8,22,"C",168.5,NA,0.0533376,NA
2014,8,23,"C",161,NA,0.0533376,NA
2014,8,26,"D",294,330,0.1070784,3.08185404339251
2014,8,27,"D",320,270,0.1045044,2.58362327327845
2014,8,31,"D",324.5,NA,0.1085436,NA
2014,8,32,"E",576,NA,0.0952152,NA
2014,8,33,"E",548,NA,0.1009576,NA
2014,8,38,"E",579,NA,0.1002398,NA
2014,8,39,"E",539.5,NA,0.097,NA
2014,8,4,"B",75,NA,0.0492682,NA
2014,8,41,"B",78,NA,0.0496121,NA
2014,8,6,"B",93,NA,0.0485985,NA
2014,8,76,"B",78.5,NA,0.0489243,NA
2014,8,77,"D",384.5,2105,0.1045044,20.1426925564857
2014,8,78,"E",574,NA,0.0988042,NA
2014,8,8,"B",60.5,NA,0.0489243,NA
2014,8,80,"A",44.5,NA,0.0484016,NA
2014,8,83,"C",123,396,0.051552,7.68156424581006
2014,8,84,"C",117.5,1380,0.0533376,25.8729301655868
2014,8,85,"D",447,780,0.1056132,7.3854404563066
2014,8,86,"E",550,NA,0.1049152,NA
2014,8,88,"B",91,415,0.0502818,8.25348336773942
2014,8,93,"C",120,311,0.0512064,6.07345956755406
2014,8,95,"C",121,366,0.0529728,6.90920623414281
2014,8,97,"C",116.5,300,0.0533376,5.62455003599712
2014,8,98,"E",524,NA,0.1023932,NA
2015,8,1,"A",27.5,NA,0.0480594,NA
2015,8,10,"B",90,NA,0.0508374,NA
2015,7,100,"A",38,NA,0.0480594,NA
2015,7,101,"B",60.5,NA,0.0508374,NA
2015,7,104,"B",91.5,290,0.048129,6.02547320742172
2015,7,105,"B",54.5,NA,0.0508374,NA
2015,7,107,"C",112.5,1290,0.050478,25.5556876262926
2015,7,109,"A",42.5,NA,0.0480594,NA
2015,7,110,"C",111.5,770,0.0483912,15.9119839970904
2015,7,112,"B",56.5,NA,0.0508374,NA
2015,7,116,"E",545,NA,0.1027618,NA
2015,7,117,"A",33,NA,0.0480594,NA
2015,7,121,"A",10,NA,0.0464505,NA
2015,7,123,"A",16.5,NA,0.045499,NA
2015,7,125,"A",35,NA,0.0480594,NA
2015,7,126,"B",83.5,420,0.048129,8.72654740385215
2015,7,129,"B",77.5,NA,0.0488061,NA
2015,8,13,"B",88,NA,0.0508374,NA
2015,7,131,"C",103,1200,0.0518692,23.1351167937813
2015,7,132,"C",104.5,220,0.0515308,4.26929137525519
2015,7,133,"C",108.5,180,0.0522264,3.44653278801526
2015,7,134,"B",74,2220,0.0508374,43.6686376565285
2015,7,135,"A",32,NA,0.0480594,NA
2015,7,137,"C",123.5,NA,0.0515308,NA
2015,7,138,"C",107,1130,0.050478,22.3859899362098
2015,7,139,"D",229.5,860,0.1070784,8.0314984161138
2015,8,14,"C",115,NA,0.051512,NA
2015,7,142,"D",410,NA,0.1026828,NA
2015,7,143,"E",588,70,0.1013262,0.690838105050816
2015,7,144,"E",602,NA,0.102044,NA
2015,7,145,"D",377.5,920,0.1085436,8.47585670642949
2015,7,146,"C",170.5,NA,0.051888,NA
2015,7,147,"C",105,115,0.0501396,2.29359627918851
2015,7,148,"C",108,1020,0.0511736,19.9321525161411
2015,7,150,"C",132,720,0.0522264,13.786131152061
2015,7,151,"D",381,170,0.1074348,1.58235506558396
2015,7,152,"E",563.5,NA,0.1034796,NA
2015,7,154,"B",77.5,NA,0.0498126,NA
2015,7,156,"A",36.5,NA,0.0480594,NA
2015,7,157,"C",111.5,210,0.0518692,4.04864543891172
2015,7,158,"C",112.5,320,0.0525648,6.08772410434359
2015,8,16,"C",102.5,NA,0.0522264,NA
2015,7,160,"B",67,NA,0.0477813,NA
2015,7,161,"C",120.5,200,0.0494252,4.04651877989366
2015,7,162,"C",133.5,400,0.0522264,7.65896175114502
2015,8,163,"B",69,NA,0.0508374,NA
2015,8,165,"C",128.5,NA,0.050478,NA
2015,8,166,"C",112,NA,0.0522264,NA
2015,8,167,"D",344.5,NA,0.1056132,NA
2015,8,168,"D",392,NA,0.100485,NA
2015,8,169,"E",513,NA,0.1063508,NA
2015,8,17,"C",114,NA,0.0522264,NA
2015,8,170,"E",618.5,NA,0.0988042,NA
2015,8,171,"A",45,NA,0.0477307,NA
2015,8,172,"C",115.5,NA,0.0522264,NA
2015,8,173,"C",165,NA,0.0522264,NA
2015,8,174,"D",298,NA,0.107811,NA
2015,8,175,"B",61,NA,0.0501603,NA
2015,8,176,"C",114.5,NA,0.0511736,NA
2015,8,177,"D",274,NA,0.1100088,NA
2015,8,178,"E",690,NA,0.0998906,NA
2015,8,179,"C",155.5,NA,0.050478,NA
2015,8,180,"B",78,NA,0.0508374,NA
2015,8,2,"A",14.5,NA,0.0480594,NA
2015,8,22,"C",165.5,NA,0.0518692,NA
2015,8,23,"C",167.5,NA,0.0518692,NA
2015,8,26,"D",295.5,300,0.1033956,2.90147743230853
2015,8,27,"D",332,NA,0.1063458,NA
2015,8,31,"D",326.5,NA,0.1092762,NA
2015,8,32,"E",549,NA,0.1045466,NA
2015,8,33,"E",560.5,NA,0.102044,NA
2015,8,38,"E",515,NA,0.1067,NA
2015,8,39,"E",519,NA,0.1038482,NA
2015,8,4,"B",75.5,NA,0.0504897,NA
2015,8,41,"B",77,NA,0.0508374,NA
2015,8,6,"B",92.5,NA,0.0508374,NA
2015,7,76,"B",79.5,NA,0.0504897,NA
2015,7,77,"D",407.5,1650,0.1070784,15.4092702169625
2015,7,78,"E",592,NA,0.0988042,NA
2015,8,8,"B",61,NA,0.0508374,NA
2015,7,80,"A",37.5,NA,0.0470906,NA
2015,7,83,"C",122.5,NA,0.0508352,NA
2015,7,84,"C",119,550,0.049444,11.1236954938921
2015,7,85,"D",465.5,270,0.1070784,2.52151694459387
2015,7,86,"E",545.5,NA,0.1027618,NA
2015,7,88,"B",90.5,900,0.0511668,17.5895307113206
2015,7,93,"C",117.5,1680,0.0539748,31.1256364081016
2015,7,95,"C",121,500,0.0532604,9.38783786828488
2015,7,97,"C",108,1220,0.051512,23.6838018325827
2015,7,98,"E",525.5,NA,0.1016754,NA
2016,8,1,"A",26,NA,0.0477307,NA
2016,8,10,"B",88,50,0.0511152,0.978182614956021
2016,8,100,"A",37,NA,0.0474193,NA
2016,8,101,"B",61.5,NA,0.050416,NA
2016,8,104,"B",86.5,480,0.0490728,9.78138602239937
2016,8,105,"B",52.5,NA,0.0511152,NA
2016,8,107,"C",112.5,290,0.0529013,5.48190687185381
2016,8,109,"A",42.5,NA,0.0480594,NA
2016,8,110,"C",114.5,NA,0.0536154,NA
2016,8,112,"B",56,NA,0.0511152,NA
2016,8,116,"E",543.5,NA,0.1034154,NA
2016,8,117,"A",29,NA,0.0480594,NA
2016,8,121,"A",10,NA,0.0470906,NA
2016,8,123,"A",18,NA,0.0470906,NA
2016,8,125,"A",34.5,NA,0.0480594,NA
2016,8,126,"B",83,10,0.0507656,0.196983784294877
2016,8,129,"B",79,60,0.0511152,1.17381913794723
2016,8,13,"B",85,NA,0.0511152,NA
2016,8,131,"C",102.5,60,0.0536154,1.11908145793932
2016,8,132,"C",103,60,0.0536154,1.11908145793932
2016,8,133,"C",109,420,0.0536154,7.83357020557526
2016,8,134,"B",71,230,0.0511152,4.4996400287977
2016,8,135,"A",32.5,NA,0.0480594,NA
2016,8,137,"C",128,50,0.0536154,0.932567881616103
2016,8,138,"C",107,NA,0.0536154,NA
2016,8,139,"D",226.5,640,0.11112,5.75953923686105
2016,8,14,"C",114,NA,0.0536154,NA
2016,8,142,"D",398,NA,0.11112,NA
2016,8,143,"E",571.5,NA,0.1067022,NA
2016,8,144,"E",609,NA,0.1074348,NA
2016,8,145,"D",393.5,NA,0.10816,NA
2016,8,146,"C",168,40,0.0536154,0.746054305292882
2016,8,147,"C",104,NA,0.0536154,NA
2016,8,148,"C",106.5,NA,0.0536154,NA
2016,8,150,"C",132.5,380,0.0503923,7.5408346116371
2016,8,151,"D",370.5,1010,0.10592,9.53549848942598
2016,8,152,"E",560.5,NA,0.1026828,NA
2016,8,154,"B",77.5,175,0.0500848,3.4940740504105
2016,8,156,"A",33,NA,0.0480594,NA
2016,8,157,"C",110,140,0.052882,2.64740365341704
2016,8,158,"C",114,2110,0.0536154,39.3543646041995
2016,8,16,"C",103,NA,0.0536154,NA
2016,8,160,"B",66,NA,0.0487232,NA
2016,8,161,"C",123.5,NA,0.0511064,NA
2016,8,162,"C",132.5,435,0.0525346,8.28025720192026
2016,8,163,"B",69.5,130,0.0511152,2.54327479888565
2016,7,165,"C",132,NA,0.0525346,NA
2016,8,166,"C",115,25,0.0536154,0.466283940808051
2016,7,167,"D",342,140,0.11112,1.25989920806335
2016,7,168,"D",389,350,0.11112,3.14974802015839
2016,8,169,"E",525.5,NA,0.1023066,NA
2016,8,17,"C",114.5,10,0.0536154,0.186513576323221
2016,7,170,"E",625,NA,0.1070784,NA
2016,7,171,"A",45,NA,0.0480594,NA
2016,8,172,"C",112.5,NA,0.0536154,NA
2016,8,173,"C",165,680,0.0536154,12.682923189979
2016,8,174,"D",286,970,0.11112,8.72930165586753
2016,7,175,"B",61.5,NA,0.0500848,NA
2016,7,176,"C",116,210,0.0529013,3.96965670030793
2016,7,177,"D",269,990,0.11,9
2016,8,178,"E",724,NA,0.101574,NA
2016,8,179,"C",152,140,0.0532487,2.62917216758343
2016,7,180,"B",77,NA,0.0507656,NA
2016,8,2,"A",14,NA,0.0480594,NA
2016,8,22,"C",167.5,NA,0.0536154,NA
2016,8,23,"C",164,420,0.0536154,7.83357020557526
2016,7,26,"D",294.5,200,0.11112,1.79985601151908
2016,7,27,"D",318,NA,0.11,NA
2016,8,31,"D",300.5,NA,0.11036,NA
2016,7,32,"E",560.5,NA,0.1048806,NA
2016,7,33,"E",573.5,NA,0.1030392,NA
2016,7,38,"E",544.5,NA,0.1100088,NA
2016,7,39,"E",539.5,NA,0.1089,NA
2016,8,4,"B",76,NA,0.0511152,NA
2016,8,41,"B",77.5,NA,0.0511152,NA
2016,8,6,"B",93.5,NA,0.0511152,NA
2016,8,76,"B",77.5,60,0.0511152,1.17381913794723
2016,8,77,"D",406.5,450,0.10778,4.17517164594544
2016,8,78,"E",545.5,NA,0.1033956,NA
2016,8,8,"B",60.5,NA,0.0511152,NA
2016,8,80,"A",37,NA,0.0480594,NA
2016,8,83,"C",123,10,0.0521872,0.191617867982954
2016,8,84,"C",116.5,770,0.0536154,14.361545376888
2016,8,85,"D",429,NA,0.10482,NA
2016,8,86,"E",580.5,NA,0.0993564,NA
2016,8,88,"B",90.5,NA,0.0490544,NA
2016,8,93,"C",117,350,0.0461077,7.59092299117067
2016,8,95,"C",120.5,760,0.0536154,14.1750318005648
2016,8,97,"C",107,50,0.0536154,0.932567881616103
2016,8,98,"E",570,NA,0.100089,NA
2017,10,100,"A",39,30,0.046274,0.648312227168604
2017,10,101,"B",60,NA,0.049594,NA
2017,10,104,"B",85.5,110,0.0502818,2.18767029024418
2017,10,105,"B",51,NA,0.049594,NA
2017,10,107,"C",112,NA,0.052782,NA
2017,10,109,"A",41.5,NA,0.047226,NA
2017,10,110,"C",111,175,0.051376,3.40625973217066
2017,10,112,"B",54,NA,0.0502818,NA
2017,10,116,"E",542.5,NA,0.099009,NA
2017,10,117,"A",29.5,NA,0.047226,NA
2017,10,121,"A",10,NA,0.047226,NA
2017,10,123,"A",16,NA,0.047226,NA
2017,10,125,"A",34,NA,0.047226,NA
2017,10,126,"B",82,NA,0.0502818,NA
2017,10,129,"B",77.5,195,0.0502818,3.87814278725105
2017,10,131,"C",102.5,NA,0.04997,NA
2017,10,132,"C",102,410,0.050673,8.09109387642334
2017,10,133,"C",106.5,195,0.052421,3.71988325289483
2017,10,134,"B",71.5,1720,0.0502818,34.2072081747272
2017,10,135,"A",35.5,NA,0.045645,NA
2017,10,137,"C",128.5,55,0.052782,1.04202190140578
2017,10,138,"C",105.5,NA,0.051376,NA
2017,10,139,"D",225.5,NA,0.1088976,NA
2017,10,142,"D",401,NA,0.1056244,NA
2017,10,143,"E",578,NA,0.1040077,NA
2017,10,144,"E",608,NA,0.1022321,NA
2017,10,145,"D",392,NA,0.1038212,NA
2017,10,146,"C",168,55,0.051015,1.07811428011369
2017,10,147,"C",103,NA,0.052421,NA
2017,10,148,"C",105.5,45,0.046094,0.976265891439233
2017,10,150,"C",129.5,740,0.051357,14.4089413322429
2017,10,151,"D",297,150,0.1070748,1.40088984522969
2017,10,152,"E",570.5,NA,0.1043551,NA
2017,10,154,"B",78.5,NA,0.0492682,NA
2017,10,156,"A",34.5,NA,0.045339,NA
2017,10,157,"C",109.5,40,0.052421,0.763052974952786
2017,10,158,"C",114,NA,0.052782,NA
2017,10,160,"B",67,NA,0.0502818,NA
2017,10,161,"C",119,NA,0.052421,NA
2017,10,162,"C",132,NA,0.052421,NA
2017,10,165,"C",126.5,NA,0.052782,NA
2017,10,166,"C",116.5,NA,0.051718,NA
2017,10,167,"D",347.5,NA,0.1063496,NA
2017,10,168,"D",392,NA,0.1019984,NA
2017,10,170,"E",601.5,NA,0.1011513,NA
2017,10,174,"D",283.5,NA,0.1019984,NA
2017,10,176,"C",114.5,60,0.052782,1.13675116516994
2017,10,177,"D",269,NA,0.1070748,NA
2017,10,178,"E",723,NA,0.0915013,NA
2017,10,179,"C",151.5,180,0.052782,3.41025349550983
2017,10,26,"D",295,NA,0.1059968,NA
2017,10,32,"E",564.5,NA,0.1018654,NA
2017,10,33,"E",555.5,NA,0.1025795,NA
2017,10,38,"E",518.5,NA,0.103641,NA
2017,10,39,"E",545,NA,0.1011513,NA
2017,10,76,"B",78.5,NA,0.0502818,NA
2017,10,77,"D",410,NA,0.1045464,NA
2017,10,78,"E",571,NA,0.1014987,NA
2017,10,80,"A",37,NA,0.047226,NA
2017,10,83,"C",122,40,0.052782,0.757834110113296
2017,10,84,"C",118,NA,0.052421,NA
2017,10,85,"D",441,NA,0.1034488,NA
2017,10,86,"E",544.5,NA,0.0965,NA
2017,10,88,"B",90.5,NA,0.0492682,NA
2017,10,93,"C",117,150,0.052782,2.84187791292486
2017,10,95,"C",120,120,0.052782,2.27350233033989
2017,10,97,"C",109.5,NA,0.052782,NA
2017,10,98,"E",520.5,NA,0.1004372,NA
